HVH_107_17_000001_000001	皇越律创卷十七目録
HVH_107_17_000001_000002	刑律
HVH_107_17_000001_000003	1
HVH_107_17_000001_000004	爱腻
HVH_107_17_000001_000005	R
HVH_107_17_000001_000006	官吏受财
HVH_107_17_000001_000007	坐臧致罪
HVH_107_17_000001_000008	事後受財
HVH_107_17_000001_000009	官吏聽許財物
HVH_107_17_000001_000010	有事以财請求
HVH_107_17_000001_000011	在官求索借贷人财物
HVH_107_17_000001_000012	家人求索
HVH_107_17_000001_000013	因公科款
HVH_107_17_000001_000014	冠留盗
HVH_107_17_000001_000015	詐偽
HVH_107_17_000001_000016	詐爲制書
HVH_107_17_000001_000017	詐傳詔肯
HVH_107_17_000001_000018	對制上書詐不以實偽造印信時意書等
HVH_107_17_000001_000019	皇越律倒
HVH_107_17_000001_000020	卷十七刑律
HVH_107_17_000001_000021	目
HVH_107_17_000001_000022	私鑄铜钱
HVH_107_17_000001_000023	詐假官
HVH_107_17_000001_000024	詐稱内使等官
HVH_107_17_000001_000025	延侍詐稱私行
HVH_107_17_000001_000026	詐爲瑞應
HVH_107_17_000001_000027	詐病死傷避事
HVH_107_17_000001_000028	詐教誘人犯法
HVH_107_17_000001_000029	目缘
HVH_107_17_000002_000001	皇越律侧卷之十七
HVH_107_17_000002_000002	刑律
HVH_107_17_000002_000003	受
HVH_107_17_000002_000004	官更受财
HVH_107_17_000002_000005	舞北渝弄
HVH_107_17_000002_000006	若不受财面有枉点
HVH_107_17_000002_000007	凡官吏
HVH_107_17_000002_000008	不受财者計無
HVH_107_17_000002_000009	枉法事
HVH_107_17_000002_000010	之事则有失出入故
HVH_107_17_000002_000011	人之律心是
HVH_107_17_000002_000012	人各减一等官追奪除各史罷
HVH_107_17_000002_000013	一两
HVH_107_17_000002_000014	在先到不
HVH_107_17_000002_000015	法在後乃合
HVH_107_17_000002_000016	俱不叙用說事過者有人戒受
HVH_107_17_000002_000017	许未受则有的
HVH_107_17_000002_000018	时物之伽若产骨
HVH_107_17_000002_000019	錢人一等無禄人减二等
HVH_107_17_000002_000020	即求索科数
HVH_107_17_000002_000021	炸等验及
HVH_107_17_000002_000022	面役受财列有事彼
HVH_107_17_000002_000023	EM
HVH_107_17_000002_000024	火财之缘
HVH_107_17_000002_000025	者不用此律
HVH_107_17_000002_000026	遷
HVH_107_17_000002_000027	郸注说事运串
HVH_107_17_000002_000028	講說之事邸通後
HVH_107_17_000002_000029	之事也若篇服事
HVH_107_17_000002_000030	愉而不及财是
HVH_107_17_000002_000031	微本律
HVH_107_17_000002_000032	皇越律侧
HVH_107_17_000002_000033	卷十七
HVH_107_17_000002_000034	官史党财
HVH_107_17_000002_000035	托类若止说事而
HVH_107_17_000002_000036	先條是官吏犯正律車指官使
HVH_107_17_000002_000037	言
HVH_107_17_000002_000038	有事人自退
HVH_107_17_000002_000039	1
HVH_107_17_000002_000040	之官吏同為
HVH_107_17_000002_000041	别諭官吏受义图
HVH_107_17_000002_000042	其事又受在事前
HVH_107_17_000002_000043	面過人如此律
HVH_107_17_000002_000044	柱
HVH_107_17_000002_000045	法
HVH_107_17_000002_000046	故注有如求票云云
HVH_107_17_000002_000047	不用此律
HVH_107_17_000002_000048	料杜法不枉法
HVH_107_17_000002_000049	各計入已之散定罪
HVH_107_17_000002_000050	與窃盗論者不
HVH_107_17_000002_000051	同巷易得财之罪
HVH_107_17_000002_000052	高事主收害者言
HVH_107_17_000002_000053	教饼翰罪一人
HVH_107_17_000002_000054	益得教家王之亦
HVH_107_17_000002_000055	止计一主重者难数
HVH_107_17_000002_000056	人分得一主之赃亦
HVH_107_17_000002_000057	凭計所失之同
HVH_107_17_000002_000058	各盗之罪惟脏放
HVH_107_17_000002_000059	百徒二年按统事過錢者宿有限
HVH_107_17_000002_000060	仍依首從法也官吏
HVH_107_17_000002_000061	使谁徒之今定為徒二年五等徒
HVH_107_17_000002_000062	受财之罪药官吏
HVH_107_17_000002_000063	與杖同增减此则杖有增戒徒俱
HVH_107_17_000002_000064	财者言之故各計入
HVH_107_17_000002_000065	年雖通錢一两以下减至答罪亦徒
HVH_107_17_000002_000066	已之脏一人受各
HVH_107_17_000002_000067	二年杖罪照受人减科故有鞋重
HVH_107_17_000003_000001	主之财亦通算全科
HVH_107_17_000003_000002	之分面徒则一足之法所以代其
HVH_107_17_000003_000003	雖款人分受一主之
HVH_107_17_000003_000004	财务试入已之数分
HVH_107_17_000003_000005	补人之惟計入
HVH_107_17_000003_000006	七十两以下反重於受錢人之罪惡
HVH_107_17_000003_000007	暴有旋可分也
HVH_107_17_000003_000008	其爲贪之也然受錢多者罪至
HVH_107_17_000003_000009	第注中内說事通
HVH_107_17_000003_000010	-
HVH_107_17_000003_000011	有人一等何
HVH_107_17_000003_000012	以言罪止杖一百徒
HVH_107_17_000003_000013	一年徒二年者
HVH_107_17_000003_000014	八十天何以言放
HVH_107_17_000003_000015	自明律枉法不
HVH_107_17_000003_000016	法清止流
HVH_107_17_000003_000017	二流總走四年猴一
HVH_107_17_000003_000018	照杖
HVH_107_17_000003_000019	手州從比流球牛
HVH_107_17_000003_000020	告從條日於徒二年上加所
HVH_107_17_000003_000021	是二年天比流
HVH_107_17_000003_000022	罪三等并入所得杖罪通論則可知
HVH_107_17_000003_000023	城牛仍色原杖井由
HVH_107_17_000003_000024	以徙二年爲正罪且應入所得
HVH_107_17_000003_000025	廊徒之放
HVH_107_17_000003_000026	枚认
HVH_107_17_000003_000027	百地
HVH_107_17_000003_000028	論也
HVH_107_17_000003_000029	请受有事人
HVH_107_17_000003_000030	皇越律例卷十律
HVH_107_17_000003_000031	官更受财
HVH_107_17_000003_000032	请者受人财图全科如授十队
HVH_107_17_000003_000033	時車發通算作一處全科其若犯
HVH_107_17_000003_000034	二事以上一主洗巳經論
HVH_107_17_000003_000035	其他後雖輕若等亦論之
HVH_107_17_000003_000036	一两以下杖七十
HVH_107_17_000003_000037	一两至五两杖八十
HVH_107_17_000003_000038	一十两杖九十
HVH_107_17_000003_000039	一十五两杖一百
HVH_107_17_000003_000040	二十两杖六十徒一年
HVH_107_17_000003_000041	二十五两杖七十徒一年半
HVH_107_17_000003_000042	三十两杖八十徒二年
HVH_107_17_000003_000043	三十五两杖九十徒二年半
HVH_107_17_000003_000044	四十两杖一百徒三年
HVH_107_17_000004_000001	四十五两杖一百流二千里
HVH_107_17_000004_000002	五十两杖一百流二千五百里
HVH_107_17_000004_000003	五十五两杖一百流三千里
HVH_107_17_000004_000004	入十两枝
HVH_107_17_000004_000005	娱壁
HVH_107_17_000004_000006	人财判断不為曲法者和受十人财一
HVH_107_17_000004_000007	事获通算作一處折牛科罪一主者
HVH_107_17_000004_000008	护华科罪作
HVH_107_17_000004_000009	牛折者皆依此
HVH_107_17_000004_000010	一两以下杖六十
HVH_107_17_000004_000011	一两之上至一十两杖七十
HVH_107_17_000004_000012	二十两杖八十
HVH_107_17_000004_000013	三十两杖九十
HVH_107_17_000004_000014	皇越律鸽
HVH_107_17_000004_000015	美
HVH_107_17_000004_000016	卷十七律
HVH_107_17_000004_000017	三
HVH_107_17_000004_000018	官吏变财
HVH_107_17_000004_000019	四十两杖一百
HVH_107_17_000004_000020	五十两杖六十徒一年
HVH_107_17_000004_000021	大十两杖七十徒一年牛
HVH_107_17_000004_000022	七十两杖入十徒二年
HVH_107_17_000004_000023	八十两杖九十徒二年半
HVH_107_17_000004_000024	九十两杖一百徒三年
HVH_107_17_000004_000025	一百两杖一百流二千里
HVH_107_17_000004_000026	一百一十两杖一百流二千五百里
HVH_107_17_000004_000027	一百二十两杖一百流三千里
HVH_107_17_000004_000028	一百二十两以上
HVH_107_17_000004_000029	监
HVH_107_17_000004_000030	铁
HVH_107_17_000005_000001	枉法
HVH_107_17_000005_000002	故粮之類
HVH_107_17_000005_000003	胎
HVH_107_17_000005_000004	不枉法一百二十两以上罪止杖一百
HVH_107_17_000005_000005	流三千里
HVH_107_17_000005_000006	首列有变受财罪有差等此犯
HVH_107_17_000005_000007	耻之税律乃一切因事受财之稳调
HVH_107_17_000005_000008	也若馆更因事受人财而不按本法
HVH_107_17_000005_000009	法為奸故其罪重如所受有各主之
HVH_107_17_000005_000010	七十起五阴加一等至入十两棱
HVH_107_17_000005_000011	無称人减一等至一百二十协
HVH_107_17_000005_000012	半科罪一主者苏折半科罪有先资
HVH_107_17_000005_000013	建老律创
HVH_107_17_000005_000014	巷十七律
HVH_107_17_000005_000015	四
HVH_107_17_000005_000016	官史受财
HVH_107_17_000005_000017	输光之耻後其輕若筝不再
HVH_107_17_000005_000018	一两以下自做六十起十两加一
HVH_107_17_000005_000019	至一百二十上乃较無人减
HVH_107_17_000005_000020	一等至一
HVH_107_17_000005_000021	百二十两收上罪止放
HVH_107_17_000005_000022	百流三千里枉法不枉法勇项乃官
HVH_107_17_000005_000023	楼
HVH_107_17_000005_000024	社法前以不
HVH_107_17_000005_000025	前准枉法論准不枉法論諸像也
HVH_107_17_000005_000026	條例
HVH_107_17_000005_000027	一各部院衙門書辨有敢指稱部费招
HVH_107_17_000005_000028	推撞骗干犯
HVH_107_17_000006_000001	国憲非葬常犯可比者覺審實即行處
HVH_107_17_000006_000002	爲從知情朋分銀两之人照例達
HVH_107_17_000006_000003	一凡在官人役取受有事人财律無正條
HVH_107_17_000006_000004	者果於法有縱俱以枉法計贼科罪
HVH_107_17_000006_000005	若尾親证等项不係在官人役取受
HVH_107_17_000006_000006	有事人财各依本等律科不在
HVH_107_17_000006_000007	法之律
HVH_107_17_000006_000008	一内外大小衙門富役恐嚇索詐貧民者
HVH_107_17_000006_000009	計贼一雨以下枚一百一两至五两杖
HVH_107_17_000006_000010	一百加枷號一個月六两至十两杖
HVH_107_17_000006_000011	百徒三年计赋在十两以上者退
HVH_107_17_000006_000012	皇越律创卷十七刑律
HVH_107_17_000006_000013	五
HVH_107_17_000006_000014	官吏受则
HVH_107_17_000006_000015	至一百二十两者照枉法擬絞爲從分
HVH_107_17_000006_000016	亚减一等其或索詐贫民致令賣男
HVH_107_17_000006_000017	女者十两以下亦照侧充發爲從分
HVH_107_17_000006_000018	贼者不計鱼杖一百徒三年如有
HVH_107_17_000006_000019	詐致人命不論敷多寡擬監误
HVH_107_17_000006_000020	若拷打身死者照故殺律擬监误
HVH_107_17_000006_000021	爲從鱼减一等
HVH_107_17_000006_000022	凡各衙門書吏如有舞文作者係知
HVH_107_17_000006_000023	法犯法應照平人加一等治罪
HVH_107_17_000006_000024	一营司道各上司差役楼害御民州
HVH_107_17_000006_000025	縣查拿并許被害人呈告将該役照例
HVH_107_17_000007_000001	治罪
HVH_107_17_000007_000002	一除無入已坐賊致罪者果能於限内
HVH_107_17_000007_000003	全備仍照那移空錢糧之犯准其减
HVH_107_17_000007_000004	免外若官吏因事受财食婪入已明
HVH_107_17_000007_000005	不枉法及律载准枉法不枉法論等
HVH_107_17_000007_000006	果一年限丙全借死罪照原擬减
HVH_107_17_000007_000007	等欧流罩流以下各减一等落尚限内
HVH_107_17_000007_000008	不是死罪仍照原凝监追流罪以下印
HVH_107_17_000007_000009	行落其應追贓物照倒勒追全結
HVH_107_17_000007_000010	一官员番係枉法入已者於限内
HVH_107_17_000007_000011	全備不准减等其不枉法及准枉法
HVH_107_17_000007_000012	星越律例
HVH_107_17_000007_000013	卷十七刑律
HVH_107_17_000007_000014	广
HVH_107_17_000007_000015	官吏受财
HVH_107_17_000007_000016	論血坐致罪等項仍照定例辨理
HVH_107_17_000008_000001	坐贼致罪
HVH_107_17_000008_000002	凡官吏人等非因
HVH_107_17_000008_000003	枉法之
HVH_107_17_000008_000004	致罪各主者通算折半科罪與者减
HVH_107_17_000008_000005	通算折中科罪為相和明典故
HVH_107_17_000008_000006	所截難不入或造作虚人工物
HVH_107_17_000008_000007	注云不入已着
HVH_107_17_000008_000008	之罪由此者名為坐致
HVH_107_17_000008_000009	。官吏坐胜若不已者復
HVH_107_17_000008_000010	收齐自杖儿
HVH_107_17_000008_000011	设出线人有規遊事重者從重論
HVH_107_17_000008_000012	自以上急说
HVH_107_17_000008_000013	十以招
HVH_107_17_000008_000014	一两以下二十
HVH_107_17_000008_000015	没有人已则不同
HVH_107_17_000008_000016	家照行此有要例
HVH_107_17_000008_000017	一两之上至十两三十
HVH_107_17_000008_000018	俱投然不进
HVH_107_17_000008_000019	能教翻提受时
HVH_107_17_000008_000020	二十两答四十
HVH_107_17_000008_000021	皇越律例卷十七律
HVH_107_17_000008_000022	七
HVH_107_17_000008_000023	坐账数
HVH_107_17_000008_000024	且不追举用坐账者
HVH_107_17_000008_000025	可知也
HVH_107_17_000008_000026	三十两五十
HVH_107_17_000008_000027	四十两杖六十
HVH_107_17_000008_000028	五十两杖七十
HVH_107_17_000008_000029	六十两杖八十
HVH_107_17_000008_000030	七十两杖九十
HVH_107_17_000008_000031	八十两杖一百
HVH_107_17_000008_000032	一百两杖六十徒一年
HVH_107_17_000008_000033	二百两杖七十一年半
HVH_107_17_000008_000034	三百两杖八十徒二年
HVH_107_17_000008_000035	四百两杖九十徒二年牛
HVH_107_17_000008_000036	五百两罪止杖一百徒三年
HVH_107_17_000008_000037	以坐赃非
HVH_107_17_000008_000038	贵鞋故至
HVH_107_17_000009_000001	五百雨弄
HVH_107_17_000009_000002	止三年
HVH_107_17_000009_000003	上条枉法不枉法两顺皆是因事受
HVH_107_17_000009_000004	财然流官吏人等食脏之必有弄
HVH_107_17_000009_000005	因事面受财者凡官吏人等非因事
HVH_107_17_000009_000006	通算一處折半科弄出人
HVH_107_17_000009_000007	人之罪五等既非因事自無
HVH_107_17_000009_000008	枉法不
HVH_107_17_000009_000009	受者不当受與者亦不當與受難
HVH_107_17_000009_000010	有整重之分面俱不能罪也一两
HVH_107_17_000009_000011	一百徒三年盖罪中之最者也
HVH_107_17_000009_000012	本文只稳言周事爱财面内引
HVH_107_17_000009_000013	盗财酸傷於服償醫之外而受
HVH_107_17_000009_000014	财之類是專措凡人言不及官吏以
HVH_107_17_000009_000015	明白易不信被引财物
HVH_107_17_000009_000016	以下不入已諸頂虚之類
HVH_107_17_000009_000017	皇越律侧卷十七律
HVH_107_17_000009_000018	则傳指官使言然谐虚也官有
HVH_107_17_000009_000019	坐旺数
HVH_107_17_000009_000020	人已之庶固宜坐脏罪俊入
HVH_107_17_000009_000021	已之胜亦坐胜致罪者以真民
HVH_107_17_000009_000022	取虚負傷财故其罪同然入者
HVH_107_17_000009_000023	取段不入把者疑回取亦有不
HVH_107_17_000009_000024	重論但與者有观避之事则受者是
HVH_107_17_000009_000025	坐肿炎盖推廣言之不可也
HVH_107_17_000010_000001	事後受财
HVH_107_17_000010_000002	测共受财律
HVH_107_17_000010_000003	原在事後故
HVH_107_17_000010_000004	几有
HVH_107_17_000010_000005	行事先不許财事過之後而受
HVH_107_17_000010_000006	財事若枉斷者准枉法論事不枉斷者
HVH_107_17_000010_000007	若所枉重者仍徙重論官
HVH_107_17_000010_000008	使俱照例為民但不追奪請勅律不言
HVH_107_17_000010_000009	出錢過幾人之罪問不應從重可也
HVH_107_17_000010_000010	前枉法不枉法是受在事之萌者
HVH_107_17_000010_000011	然充官更食雕之類必有受事之
HVH_107_17_000010_000012	物能选因而受之此化受有事之
HVH_107_17_000010_000013	先者有間亦與受於無事之時者不
HVH_107_17_000010_000014	同與非無故受亦有因食贿则不廉
HVH_107_17_000010_000015	市悬则不公故必察其以所衡之
HVH_107_17_000010_000016	論旗禄人各减有称人一等諾单有
HVH_107_17_000010_000017	枉新出入之罪重雕罪仍從重输
HVH_107_17_000010_000018	皇越律创
HVH_107_17_000010_000019	福
HVH_107_17_000010_000020	卷十七刑律
HVH_107_17_000010_000021	九
HVH_107_17_000010_000022	事徒受财
HVH_107_17_000010_000023	官使照行止有断例取役為民
HVH_107_17_000010_000024	不追李酷物以受在事後而原之也
HVH_107_17_000010_000025	出錢過幾人止問不
HVH_107_17_000010_000026	應從重者在於
HVH_107_17_000010_000027	1
HVH_107_17_000010_000028	算說摩得
HVH_107_17_000010_000029	以未减卷
HVH_107_17_000010_000030	1
HVH_107_17_000011_000001	官吏聽許财物
HVH_107_17_000011_000002	於事後受财律
HVH_107_17_000011_000003	听未接受故别
HVH_107_17_000011_000004	凡官吏聽許财物雖未接受事若枉者准
HVH_107_17_000011_000005	枉法論事不枉者准不枉法論各减
HVH_107_17_000011_000006	政
HVH_107_17_000011_000007	一等所枉重者各從重論
HVH_107_17_000011_000008	有数目者
HVH_107_17_000011_000009	自其有
HVH_107_17_000011_000010	方坐几律稱谁者至死藏一等難
HVH_107_17_000011_000011	数罪止发一百流三千里此條
HVH_107_17_000011_000012	無人二字故能日
HVH_107_17_000011_000013	其徐强在官之人不
HVH_107_17_000011_000014	北止日官
HVH_107_17_000011_000015	理汉减一等杖一百使三年方合律此
HVH_107_17_000011_000016	正所謂犯罪得累或也此明言官使
HVH_107_17_000011_000017	则其价在馆
HVH_107_17_000011_000018	用收律
HVH_107_17_000011_000019	之人不用此律
HVH_107_17_000011_000020	前枉不枉法照是因事而已受者
HVH_107_17_000011_000021	然光官更贪之额必有聽許而未
HVH_107_17_000011_000022	受者官使有推之事规事人
HVH_107_17_000011_000023	黄心其心贫污即是罪案計其所
HVH_107_17_000011_000024	皇越律例卷十七制律
HVH_107_17_000011_000025	十
HVH_107_17_000011_000026	官吏訴财物
HVH_107_17_000011_000027	許之数論其應得之罪事有所者
HVH_107_17_000011_000028	准枉法論事無所枉者谁不枉論
HVH_107_17_000011_000029	各球一等原其未得也無禄人又
HVH_107_17_000011_000030	有人一等若满数至死者有人
HVH_107_17_000011_000031	通二等無禄人通减三等其枉法
HVH_107_17_000011_000032	者既有所枉之法有枉法應得之
HVH_107_17_000011_000033	罪將所枉與聽前二罪准其轻重各
HVH_107_17_000011_000034	從理者止是静味有财物
HVH_107_17_000011_000035	目何以計不得概握此律也消数
HVH_107_17_000011_000036	至死戒等者内甚明维罪至死
HVH_107_17_000011_000037	截一等乃定之通倒本准罪有
HVH_107_17_000011_000038	减等者即减一等上累减亦一定
HVH_107_17_000011_000039	之通倒但未至死罪
HVH_107_17_000011_000040	则止照本律論成耳
HVH_107_17_000011_000041	條例
HVH_107_17_000011_000042	聽許财物若甫經口許無確不得
HVH_107_17_000011_000043	概行議追如所許财物封貯他處或
HVH_107_17_000012_000001	立議单交券或交與說事之人應許
HVH_107_17_000012_000002	财之人追取入官若本犯有應得之罪
HVH_107_17_000012_000003	仍照律科斷如所犯本輕或本無但
HVH_107_17_000012_000004	許財管求者止問不應重律其許過者
HVH_107_17_000012_000005	千實交若干者應分别受未受数目
HVH_107_17_000012_000006	計並所犯情罪從重科断已交之
HVH_107_17_000012_000007	在受财人名下著追未交之财仍許
HVH_107_17_000012_000008	财人名下著追
HVH_107_17_000012_000009	皇越律创
HVH_107_17_000012_000010	卷十七刑骨
HVH_107_17_000012_000011	土
HVH_107_17_000012_000012	官吏許财物
HVH_107_17_000013_000001	有事以財請求
HVH_107_17_000013_000002	所與财坐贼論若有避難就所枉
HVH_107_17_000013_000003	去
HVH_107_17_000013_000004	之
HVH_107_17_000013_000005	财
HVH_107_17_000013_000006	其
HVH_107_17_000013_000007	其官吏刁
HVH_107_17_000013_000008	就易用避難当之重罪就易受之性
HVH_107_17_000013_000009	也若他律避難則指難解幾根捕益
HVH_107_17_000013_000010	威皆
HVH_107_17_000013_000011	是
HVH_107_17_000013_000012	以上諸條皆言受则人之弄此
HVH_107_17_000013_000013	言财人之罪光几諸色人等本身
HVH_107_17_000013_000014	有事面财行求於官更马面
HVH_107_17_000013_000015	算至五百两罪止放一百类三年
HVH_107_17_000013_000016	所行之事有规避其遷就其
HVH_107_17_000013_000017	所易而所枉之罪重於行来之美者
HVH_107_17_000013_000018	越律侧一卷七律
HVH_107_17_000013_000019	H
HVH_107_17_000013_000020	有事以财莆承
HVH_107_17_000013_000021	從重着其赃入官所謂彼此之
HVH_107_17_000013_000022	幾人惧不坐其赃国主所謂不
HVH_107_17_000013_000023	易二字所色者质不專在罪名上
HVH_107_17_000013_000024	财行求即得坐之罪避難就
HVH_107_17_000013_000025	應從傷人論者得五百两杖一百
HVH_107_17_000013_000026	徒三年之罪则行求罪重仍從行
HVH_107_17_000013_000027	求諭内所
HVH_107_17_000013_000028	難薛錢
HVH_107_17_000013_000029	根辨捕盗威皆可類谁
HVH_107_17_000014_000001	條例
HVH_107_17_000014_000002	一凡有以財行求及說事過錢者審實背
HVH_107_17_000014_000003	計所與之赋與受财人同科仍分有
HVH_107_17_000014_000004	無禄有祿人概不减等無禄人各减一
HVH_107_17_000014_000005	等其行求說事過錢之人如有首從者
HVH_107_17_000014_000006	為首照例科斷爲從有禄人聽减一等
HVH_107_17_000014_000007	無禄人聽减二等如抑勒詐索取財者
HVH_107_17_000014_000008	與财人及說事過錢人俱不坐至於别
HVH_107_17_000014_000009	頂魄逸不係行求仍照律提罪
HVH_107_17_000014_000010	一凡受贿頂儿之案除案外之人得受正
HVH_107_17_000014_000011	兒賄路挺身到宫頂認在外营鎮業已
HVH_107_17_000014_000012	皇越律侧卷十七
HVH_107_17_000014_000013	利律
HVH_107_17_000014_000014	三
HVH_107_17_000014_000015	有事以慧请求
HVH_107_17_000014_000016	招解上司在京内现業件业程法司
HVH_107_17_000014_000017	會審已属成招定罪幾改正兒漏網者
HVH_107_17_000014_000018	仍照頂兒本例分别問擬外如尚未成
HVH_107_17_000014_000019	招罪未議定旋即破案者行賄之犯
HVH_107_17_000014_000020	仍照原犯罪各問擬受賄頂認者計
HVH_107_17_000014_000021	以枉法論至顶经招解之业如係
HVH_107_17_000014_000022	同業之犯代認重傷致脱本犯罪名者
HVH_107_17_000014_000023	减正犯罪一等定提未招解者仍照原
HVH_107_17_000014_000024	犯本罪科断受赋重者以枉法從其重
HVH_107_17_000014_000025	者論
HVH_107_17_000015_000001	在官求索借贷人财物
HVH_107_17_000015_000002	凡监臨官吏恢势及豪强之人求索借贷
HVH_107_17_000015_000003	强者准枉去論财物給主
HVH_107_17_000015_000004	有脉人一等
HVH_107_17_000015_000005	無人各戒
HVH_107_17_000015_000006	若將自物货散奥部民及低價
HVH_107_17_000015_000007	物多取價利者血計除利准不法論
HVH_107_17_000015_000008	强者准枉法論物货價錢血入官給主
HVH_107_17_000015_000009	寶物期物人常面原得假钱给主買物
HVH_107_17_000015_000010	则物主面所用之價入常此下四
HVH_107_17_000015_000011	而豪强亦包其中
HVH_107_17_000015_000012	不即支價及借承服玩之属各經
HVH_107_17_000015_000013	月不回者鱼坐臟論
HVH_107_17_000015_000014	违物0若私借
HVH_107_17_000015_000015	四主
HVH_107_17_000015_000016	皇越律侧
HVH_107_17_000015_000017	卷十七刑律
HVH_107_17_000015_000018	十
HVH_107_17_000015_000019	在官求索借贷人财物
HVH_107_17_000015_000020	用所部内馬牛及車船店舍之類各驗
HVH_107_17_000015_000021	日計雇賃錢亦坐論追錢給主
HVH_107_17_000015_000022	计其
HVH_107_17_000015_000023	纪特
HVH_107_17_000015_000024	工直多
HVH_107_17_000015_000025	不得通其本價
HVH_107_17_000015_000026	0若接受所部内亿选
HVH_107_17_000015_000027	土宜禮物受者答四十與者一等者
HVH_107_17_000015_000028	0
HVH_107_17_000015_000029	因事而受者計贓以不枉法論其经
HVH_107_17_000015_000030	過去處供能飲食及親故餛选者不在
HVH_107_17_000015_000031	此限其出使人於所差去處求索借
HVH_107_17_000015_000032	贷賣買多取價利及受佣选者與
HVH_107_17_000015_000033	锦官吏罪同若去官而受幕部内财
HVH_107_17_000015_000034	物及求索借貸之属各减在官时三等
HVH_107_17_000015_000035	前官更受财是有事人行来者坐贱
HVH_107_17_000015_000036	玫弄是和同而典者事後受财是人
HVH_107_17_000016_000001	所锁逸者省非官使要挟而取也器
HVH_107_17_000016_000002	充窄吏及豪强人贪账之類必有求
HVH_107_17_000016_000003	求借货等事凡见任见役之院官
HVH_107_17_000016_000004	使挟其之势及豪恶碰之人
HVH_107_17_000016_000005	無端求索奥借贷所内人财物者
HVH_107_17_000016_000006	让杖百流三千里無人各磁有
HVH_107_17_000016_000007	入罪一等役日者前非益者
HVH_107_17_000016_000008	挨然非亦非和奥故所索
HVH_107_17_000016_000009	官民却的是指官吏而蒙强
HVH_107_17_000016_000010	自犯物散费與部民以賤作貴面
HVH_107_17_000016_000011	多取價及低惯员物以贵作面
HVH_107_17_000016_000012	取利图此啊项而多取價利者除所
HVH_107_17_000016_000013	之数之除計條数目准
HVH_107_17_000016_000014	散所買之物您得價处其增少
HVH_107_17_000016_000015	主注内分别甚明若贯所御内之
HVH_107_17_000016_000016	物不自時支给價位及借所部内人
HVH_107_17_000016_000017	慈律侧卷十七年
HVH_107_17_000016_000018	十五
HVH_107_17_000016_000019	在官求货人财物
HVH_107_17_000016_000020	派原景玩之属各经一月不间者
HVH_107_17_000016_000021	計所買所借之物價坐論各者
HVH_107_17_000016_000022	承買借两項而言通者謂两頂同
HVH_107_17_000016_000023	也買借之物各追回注上簡低價員
HVH_107_17_000016_000024	物则损族民不給即有入
HVH_107_17_000016_000025	應拾之星錢亦坐職論追给主
HVH_107_17_000016_000026	各字承所借諸物面言亦字则承上
HVH_107_17_000016_000027	簡借物不面信也日部共犯财
HVH_107_17_000016_000028	幾不得過牛馬等之價不得過
HVH_107_17_000016_000029	新御内人馈逸土宜礼物者不
HVH_107_17_000016_000030	寡四十奥者戒
HVH_107_17_000016_000031	为交际之常而监陷部内则非應
HVH_107_17_000016_000032	除之
HVH_107_17_000016_000033	人也然土宜非金銀之儿饋
HVH_107_17_000017_000001	在非
HVH_107_17_000017_000002	官乃行馈送面受之者宜之
HVH_107_17_000017_000003	行求之故止得管群者因有事
HVH_107_17_000017_000004	不在此限飲食非同瞪物税故不
HVH_107_17_000017_000005	计
HVH_107_17_000017_000006	者也未又推及去宫者若去官
HVH_107_17_000017_000007	和强求索借售買多取利及
HVH_107_17_000017_000008	条無受却
HVH_107_17_000017_000009	内助物之法
HVH_107_17_000017_000010	收何從城疑即指馈建
HVH_107_17_000017_000011	土宜禮物
HVH_107_17_000017_000012	皇越律侧
HVH_107_17_000017_000013	一卷十七周律
HVH_107_17_000017_000014	言也考
HVH_107_17_000017_000015	十
HVH_107_17_000017_000016	在官事崇借货人财物
HVH_107_17_000017_000017	條例
HVH_107_17_000017_000018	一文武職官索取土官外國等财
HVH_107_17_000017_000019	他該徒三年以上者俱發軍
HVH_107_17_000017_000020	一長隨求索嚇詐得財舞奖者照役
HVH_107_17_000017_000021	例治罪並照盗创初犯以犯二
HVH_107_17_000017_000022	字刺臂再犯刺面其有索詐婪托故
HVH_107_17_000017_000023	先期預進及本官被参後聞風逵者
HVH_107_17_000017_000024	拿褒之日照到官後脱逃例各加二等
HVH_107_17_000017_000025	治罪仍追原其各衙門現任大小官
HVH_107_17_000017_000026	员和有收用犯案刺字長随者交部議
HVH_107_17_000017_000027	處
HVH_107_17_000018_000001	家人求索
HVH_107_17_000018_000002	注家人所犯重在
HVH_107_17_000018_000003	扶努上无随在任前
HVH_107_17_000018_000004	凡监官吏家人
HVH_107_17_000018_000005	兄爷子侄
HVH_107_17_000018_000006	奴皆是
HVH_107_17_000018_000007	所部内取
HVH_107_17_000018_000008	家人不必抱父兄
HVH_107_17_000018_000009	之大皆可以言
HVH_107_17_000018_000010	受求索借贷财物
HVH_107_17_000018_000011	依不
HVH_107_17_000018_000012	任法
HVH_107_17_000018_000013	及役使部民
HVH_107_17_000018_000014	子弟也若吏则不同
HVH_107_17_000018_000015	必是米人方坐
HVH_107_17_000018_000016	若買多取價利之類各减本官
HVH_107_17_000018_000017	0
HVH_107_17_000018_000018	S
HVH_107_17_000018_000019	定不若本官知情與同罪
HVH_107_17_000018_000020	官更受财律
HVH_107_17_000018_000021	不知者不坐
HVH_107_17_000018_000022	以上諸除皆使身自犯之
HVH_107_17_000018_000023	然推而拯之必有官吏之家人犯
HVH_107_17_000018_000024	利之上在官求索借
HVH_107_17_000018_000025	载者役使部民则律役部民肆
HVH_107_17_000018_000026	皇越律侧
HVH_107_17_000018_000027	卷十七副律
HVH_107_17_000018_000028	十七
HVH_107_17_000018_000029	家人求索
HVH_107_17_000018_000030	於所部之内有取受求索借贷时物
HVH_107_17_000018_000031	私役使御民不给践若
HVH_107_17_000018_000032	物多取利之悉本官得
HVH_107_17_000018_000033	上戒二等所犯之事官
HVH_107_17_000018_000034	求索借贷條内有買期不即支價及
HVH_107_17_000018_000035	借服器玩之又私借用件等
HVH_107_17_000018_000036	物典接受土宜諸項此條不言似
HVH_107_17_000018_000037	之類两字内矣家人有犯應亦各
HVH_107_17_000018_000038	等科之
HVH_107_17_000018_000039	條例
HVH_107_17_000018_000040	一轨事大不行約束家人致令私向所
HVH_107_17_000018_000041	管人等往来交结借贷者一經党將
HVH_107_17_000019_000001	伊主一价治罪
HVH_107_17_000019_000002	皇
HVH_107_17_000019_000003	42
HVH_107_17_000020_000001	因公科款
HVH_107_17_000020_000002	凡有司官更人等非奉上司明文因公擅
HVH_107_17_000020_000003	自科飲所属财物及管軍官吏科軍
HVH_107_17_000020_000004	人錢糧賞賜者
HVH_107_17_000020_000005	券
HVH_107_17_000020_000006	人
HVH_107_17_000020_000007	不
HVH_107_17_000020_000008	巴
HVH_107_17_000020_000009	杖六十贼重者坐
HVH_107_17_000020_000010	賊論入者並計贓以枉法論
HVH_107_17_000020_000011	减有
HVH_107_17_000020_000012	人
HVH_107_17_000020_000013	熊因公做以公
HVH_107_17_000020_000014	為由必然行之
HVH_107_17_000020_000015	百二十网狡监候
HVH_107_17_000020_000016	人之罪一等至一
HVH_107_17_000020_000017	其非因公務科
HVH_107_17_000020_000018	未有之
HVH_107_17_000020_000019	非因公科做测無所
HVH_107_17_000020_000020	人财物入者計職以不枉法論
HVH_107_17_000020_000021	人罪
HVH_107_17_000020_000022	無
HVH_107_17_000020_000023	欢连威则
HVH_107_17_000020_000024	依托必行之不
HVH_107_17_000020_000025	止杖一百
HVH_107_17_000020_000026	流三千里
HVH_107_17_000020_000027	若能选人者雖不入已罪亦
HVH_107_17_000020_000028	轩法川营一则
HVH_107_17_000020_000029	脏而犯然犯法者法
HVH_107_17_000020_000030	如之
HVH_107_17_000020_000031	奸法者去亡此枉
HVH_107_17_000020_000032	以上各膝官使受脏皆言一主各主
HVH_107_17_000020_000033	不枉之所以也
HVH_107_17_000020_000034	之财然推而极之必有科所所
HVH_107_17_000020_000035	之民者有司府民
HVH_107_17_000020_000036	呈越律例一卷十七刑律
HVH_107_17_000020_000037	方官也管軍者衛所管軍官典武職
HVH_107_17_000020_000038	十九
HVH_107_17_000020_000039	公科数
HVH_107_17_000020_000040	官兵官也公者公務也如供應价理
HVH_107_17_000020_000041	等一切雜辨之事背是科者分狐之
HVH_107_17_000020_000042	謂激者聚飲之謂分孤於人而聚
HVH_107_17_000020_000043	之日科教凡各處有同官吏人等
HVH_107_17_000020_000044	奉上司明文因有公控自科微所
HVH_107_17_000020_000045	民人财物及一應管军官使亦
HVH_107_17_000020_000046	财物不用而入已者入
HVH_107_17_000020_000047	升歡民人财物軍人錢根赏赐人已
HVH_107_17_000020_000048	等
HVH_107_17_000021_000001	論舟馈人
HVH_107_17_000021_000002	非
HVH_107_17_000021_000003	力止
HVH_107_17_000021_000004	杖
HVH_107_17_000021_000005	元他人
HVH_107_17_000021_000006	因公提不托名
HVH_107_17_000021_000007	入已则法已断故其罪重因公
HVH_107_17_000021_000008	者不私下求取止
HVH_107_17_000021_000009	是
HVH_107_17_000021_000010	罪
HVH_107_17_000021_000011	次
HVH_107_17_000021_000012	皇越律创
HVH_107_17_000021_000013	福
HVH_107_17_000021_000014	卷十七调件
HVH_107_17_000021_000015	干
HVH_107_17_000021_000016	国改开放
HVH_107_17_000022_000001	留盗感
HVH_107_17_000022_000002	凡捕官已復盗賊冠留賊物不解官者
HVH_107_17_000022_000003	笞四十人巳者計賊以不枉法論仍將
HVH_107_17_000022_000004	其克饼
HVH_107_17_000022_000005	論盗若軍人有犯
HVH_107_17_000022_000006	通
HVH_107_17_000022_000007	单民建拥已獲贼犯起
HVH_107_17_000022_000008	有成物新人一同問刑
HVH_107_17_000022_000009	究如有留物不解官者答
HVH_107_17_000022_000010	前能不叙仍将封留人之
HVH_107_17_000022_000011	三十两以土者罪止杖十怒其無
HVH_107_17_000022_000012	實其捕盗故轻之也仍账以
HVH_107_17_000022_000013	皇越律侧一卷七律
HVH_107_17_000022_000014	主
HVH_107_17_000022_000015	封留益惑
HVH_107_17_000022_000016	盗罪
HVH_107_17_000022_000017	如前
HVH_107_17_000022_000018	條例
HVH_107_17_000022_000019	一胥捕侵利盗賊者計賦照不枉法律從
HVH_107_17_000022_000020	重科
HVH_107_17_000023_000001	詐僞
HVH_107_17_000023_000002	詐爲制青
HVH_107_17_000023_000003	都满以走作之人爲首從
HVH_107_17_000023_000004	坐罪轉相磨之人非是
HVH_107_17_000023_000005	窝
HVH_107_17_000023_000006	说价
HVH_107_17_000023_000007	营镇脱提馍
HVH_107_17_000023_000008	察院軍背撫提守要隘口
HVH_107_17_000023_000009	门文書套整押字盗用印信及將空
HVH_107_17_000023_000010	用印者
HVH_107_17_000023_000011	必盗用
HVH_107_17_000023_000012	印方坐
HVH_107_17_000023_000013	皆校
HVH_107_17_000023_000014	施行者鸡首一
HVH_107_17_000023_000015	登不分首疑未
HVH_107_17_000023_000016	首杖一百徒三年
HVH_107_17_000023_000017	海
HVH_107_17_000023_000018	精未施行者各
HVH_107_17_000023_000019	感一等
HVH_107_17_000023_000020	皇越律例卷十七停
HVH_107_17_000023_000021	主
HVH_107_17_000023_000022	前為制音
HVH_107_17_000023_000023	减一等者有规避事重前者從
HVH_107_17_000023_000024	促
HVH_107_17_000023_000025	中
HVH_107_17_000023_000026	空淋性他人交書教退官有害人
HVH_107_17_000023_000027	者保技备友嗜告言人罪者律
HVH_107_17_000023_000028	任所在守禦紧要隘口之官则陡防
HVH_107_17_000023_000029	奸湘之出入其官平其责實重其
HVH_107_17_000023_000030	交書皆无以動来若有前属此各情
HVH_107_17_000024_000001	14
HVH_107_17_000024_000002	門交書套整押字盗用印信及先
HVH_107_17_000024_000003	空账查用印信後乃填已行诸
HVH_107_17_000024_000004	不分首從皆教未行者為首一
HVH_107_17_000024_000005	等放一百流三千里爲從及减一
HVH_107_17_000024_000006	其观避之罪與詳為之罪從重者論
HVH_107_17_000024_000007	為之情而故徇聽行者各與
HVH_107_17_000024_000008	之人同罪至死减一等不知而誤
HVH_107_17_000024_000009	出
HVH_107_17_000024_000010	施行者
HVH_107_17_000024_000011	不坐
HVH_107_17_000024_000012	皇越律例卷十七律
HVH_107_17_000024_000013	重
HVH_107_17_000024_000014	净高创膏
HVH_107_17_000025_000001	許傅以将出之人為首從
HVH_107_17_000025_000002	侯為從者杖
HVH_107_17_000025_000003	一百说三千里
HVH_107_17_000025_000004	言語診各衙門分付公事有所
HVH_107_17_000025_000005	者杖一百徒三年三四門
HVH_107_17_000025_000006	5
HVH_107_17_000025_000007	杖一百五品以下衙
HVH_107_17_000025_000008	門官言語者杖八十爲從者各一等
HVH_107_17_000025_000009	若得财
HVH_107_17_000025_000010	面詐得無
HVH_107_17_000025_000011	的法
HVH_107_17_000025_000012	者計从不枉法因
HVH_107_17_000025_000013	而動事
HVH_107_17_000025_000014	詐傳
HVH_107_17_000025_000015	曲法者以枉法各
HVH_107_17_000025_000016	不法從重論其
HVH_107_17_000025_000017	并傳观避本罪摧之
HVH_107_17_000025_000018	傳
HVH_107_17_000025_000019	皇越律刚卷十七
HVH_107_17_000025_000020	制律
HVH_107_17_000025_000021	舌
HVH_107_17_000025_000022	許傅詔旨
HVH_107_17_000025_000023	所至之處
HVH_107_17_000025_000024	部肯官言
HVH_107_17_000025_000025	當該官司知而聽行各與
HVH_107_17_000025_000026	同罪主死裁
HVH_107_17_000025_000027	不知者不坐若
HVH_107_17_000025_000028	各衙
HVH_107_17_000025_000029	門追究錢報問刑名公事當該官吏
HVH_107_17_000025_000030	将奏准合行
HVH_107_17_000025_000031	托同
HVH_107_17_000025_000032	事理奉肯追问
HVH_107_17_000025_000033	部肯懿肯命肯皆謂言語也天子日
HVH_107_17_000025_000034	詔有皇后日懿青太于日分青俱臣
HVH_107_17_000025_000035	民所当通奉者詐傳则必有私行
HVH_107_17_000025_000036	致之事欺姜罪重故為首者坐以
HVH_107_17_000025_000037	校爲從者杖一百流三千里品
HVH_107_17_000025_000038	官之信皆何令手者傅
HVH_107_17_000025_000039	所各街門以分付公事有所规进
HVH_107_17_000025_000040	者按品级大小科之品版有高下则
HVH_107_17_000025_000041	言語所係有重輕詐傳一品二品者
HVH_107_17_000025_000042	为道杖一百徒三年三品四品者
HVH_107_17_000025_000043	有杖一百五品以下者為首杖扒十
HVH_107_17_000025_000044	三项局從者各一等若得人附期
HVH_107_17_000026_000001	為人规避許将而於半無所動
HVH_107_17_000026_000002	法無所自者計其所之脏以不枉
HVH_107_17_000026_000003	扶输图傳而變助事情枉曲快命
HVH_107_17_000026_000004	者以枉法論将得财枉法不枉法典
HVH_107_17_000026_000005	詐傅规避之罪權其輕重各從其罪
HVH_107_17_000026_000006	之重者坐之其詐傅詔以下及
HVH_107_17_000026_000007	品官言語所至之處当該官同知
HVH_107_17_000026_000008	作傳而故徇聽行者各與詐傅之人
HVH_107_17_000026_000009	同罪至死减一等不知而发與施行
HVH_107_17_000026_000010	者不坐0若外各鬥當被官
HVH_107_17_000026_000011	精奏之錢根免之州
HVH_107_17_000026_000012	各公事面安稱举肯建到是即詐傳
HVH_107_17_000026_000013	解肯矣
HVH_107_17_000026_000014	亦坐新
HVH_107_17_000026_000015	皇越律侧卷十七律
HVH_107_17_000026_000016	炸傳御育
HVH_107_17_000027_000001	對制上書詐不寅
HVH_107_17_000027_000002	而啟奏者與
HVH_107_17_000027_000003	上書林
HVH_107_17_000027_000004	不以實者杖一百徒三年
HVH_107_17_000027_000005	特務有言
HVH_107_17_000027_000006	請非友
HVH_107_17_000027_000007	上请
HVH_107_17_000027_000008	加一等0若奉制推按問事報上不
HVH_107_17_000027_000009	以寅者杖八十徒二年
HVH_107_17_000027_000010	者拟曲扶面
HVH_107_17_000027_000011	所報不害之
HVH_107_17_000027_000012	事重者以出入人罪論
HVH_107_17_000027_000013	徒三年
HVH_107_17_000027_000014	承制命而回奏日封制奏行公
HVH_107_17_000027_000015	事旧奏事建言献策之数日上
HVH_107_17_000027_000016	子书當抒誠直言有犯無若扶
HVH_107_17_000027_000017	詐而故不以實者杖一百徒三年封
HVH_107_17_000027_000018	爱言有以悲朝者加
HVH_107_17_000027_000019	制奏事上書内原無陈之事面
HVH_107_17_000027_000020	百虎二千里若举制命推按
HVH_107_17_000027_000021	事报上不以實者入十徒二年其
HVH_107_17_000027_000022	皇越律侧卷十七律
HVH_107_17_000027_000023	美六
HVH_107_17_000027_000024	封上查不及音
HVH_107_17_000027_000025	所報不實之事依官同出入人罪計
HVH_107_17_000027_000026	之者重於不以實本罪以岗人人罪
HVH_107_17_000027_000027	論
HVH_107_17_000028_000001	假造印信時憲書等
HVH_107_17_000028_000002	此偶造以雕刻之人
HVH_107_17_000028_000003	两首须仓富官雕验
HVH_107_17_000028_000004	造諸門印信及时憲書
HVH_107_17_000028_000005	税課引者
HVH_107_17_000028_000006	爲首「监候為徙者成一等
HVH_107_17_000028_000007	雕刻車一百流三千里
HVH_107_17_000028_000008	有能告捕者官给賞銀五十两造
HVH_107_17_000028_000009	防印記者前杖一百徒三年告捕者官
HVH_107_17_000028_000010	給赏银三十两爲從及知情行用者
HVH_107_17_000028_000011	若造而未成者各
HVH_107_17_000028_000012	又减一等其當該官司知而聽行同
HVH_107_17_000028_000013	科木石泥蠟
HVH_107_17_000028_000014	印注云形黄相
HVH_107_17_000028_000015	罪不知者不坐。
HVH_107_17_000028_000016	印所重者文若有
HVH_107_17_000028_000017	文非钢符齐可以
HVH_107_17_000028_000018	家俱全请之偶道
HVH_107_17_000028_000019	假行事做形相面蒙文全者
HVH_107_17_000028_000020	是不拘钢拘失催有
HVH_107_17_000028_000021	謂之楚有其贊不全者方
HVH_107_17_000028_000022	其货面文不全者謂
HVH_107_17_000028_000023	之而不成夫日有
HVH_107_17_000028_000024	自越律例卷十七用
HVH_107_17_000028_000025	毛
HVH_107_17_000028_000026	高道信聘点
HVH_107_17_000028_000027	其必是成印移
HVH_107_17_000028_000028	内各街即信及甲信送青印
HVH_107_17_000028_000029	实日未全必是已
HVH_107_17_000028_000030	有字的未成全
HVH_107_17_000028_000031	若但有印彩未刻一
HVH_107_17_000028_000032	爲首者断有能首告捕者始宾
HVH_107_17_000028_000033	子不将即请造而来
HVH_107_17_000028_000034	五十两防印記亦由部面听
HVH_107_17_000028_000035	服也
HVH_107_17_000028_000036	言防皆以摩之人为有
HVH_107_17_000028_000037	行用者各减
HVH_107_17_000028_000038	僞遣之人同罪至死
HVH_107_17_000028_000039	等不知而就行者不坐
HVH_107_17_000028_000040	條例
HVH_107_17_000029_000001	一凡有偽造諸衙門印信事國军機支
HVH_107_17_000029_000002	线根假月官我大干法犯者俱擬斬立
HVH_107_17_000029_000003	决爲從者擬校監侯若非軍根
HVH_107_17_000029_000004	假官等止圖騙财物爲数多者俱
HVH_107_17_000029_000005	照律提斬監候爲從者杖一百流三千
HVH_107_17_000029_000006	里若騙財物爲数無多銀不及十两
HVH_107_17_000029_000007	錢不及十千者爲首雕刻者杖一百流
HVH_107_17_000029_000008	三千里爲從及知情行用者各减一等
HVH_107_17_000029_000009	其偽造關防耶記框騙财物爲数多者將
HVH_107_17_000029_000010	首雕刻之人達若為数無多首
HVH_107_17_000029_000011	者仍照律徒三年爲從及知情行用者
HVH_107_17_000029_000012	皇趣律卷十七律
HVH_107_17_000029_000013	天
HVH_107_17_000029_000014	传造印信時氣書
HVH_107_17_000029_000015	各减一等其造而未成者又各藏一等
HVH_107_17_000029_000016	若描模印信行使誰騙财物犯該徒罪
HVH_107_17_000029_000017	以上者其爲数無多犯該徒罪
HVH_107_17_000029_000018	以下者各以次述减
HVH_107_17_000029_000019	四十两杖一
HVH_107_17_000029_000020	百三年三
HVH_107_17_000029_000021	十雨杖九十能二年半二十两八十
HVH_107_17_000029_000022	徒二年一十雨杖七十徒一年半一雨
HVH_107_17_000029_000023	以下杖六十徒一年不
HVH_107_17_000029_000024	得财者罪止杖一百
HVH_107_17_000029_000025	一偽造假印之案如起意者自行雕刻或
HVH_107_17_000029_000026	他人同謀分代爲雕刻者將起意之
HVH_107_17_000029_000027	人與雕刻之人龜以爲首論案内爲從
HVH_107_17_000029_000028	者减一等者受些微價值代爲私雕
HVH_107_17_000029_000029	並無同謀介服情事者以起意人爲
HVH_107_17_000030_000001	自
HVH_107_17_000030_000002	越：
HVH_107_17_000030_000003	0
HVH_107_17_000030_000004	例
HVH_107_17_000030_000005	危
HVH_107_17_000030_000006	:
HVH_107_17_000030_000007	九
HVH_107_17_000030_000008	儒产印信时卷普车
HVH_107_17_000030_000009	曹修
HVH_107_17_000030_000010	下
HVH_107_17_000030_000011	首犯罪一等
HVH_107_17_000030_000012	首雕刻之人爲從與案内爲從者
HVH_107_17_000031_000001	私铜线
HVH_107_17_000031_000002	儿私铜钱者绞
HVH_107_17_000031_000003	假匠人罪同爲從及
HVH_107_17_000031_000004	e
HVH_107_17_000031_000005	请買使者各减一等告捕者官給赏银
HVH_107_17_000031_000006	五十听里長知而不首者杖一百不知
HVH_107_17_000031_000007	者不坐若将时用銅钱剪错薄小取
HVH_107_17_000031_000008	注钢日真
HVH_107_17_000031_000009	价输朗线也金银
HVH_107_17_000031_000010	以鋼偏造
HVH_107_17_000031_000011	日造其體金
HVH_107_17_000031_000012	报灸之罪
HVH_107_17_000031_000013	金銀者杖一百徒三年為從及知情買
HVH_107_17_000031_000014	看益去之出手
HVH_107_17_000031_000015	上端则犯禁鼠
HVH_107_17_000031_000016	你做造不用此律
HVH_107_17_000031_000017	故法重金银之產出
HVH_107_17_000031_000018	线法有定制家開局效以生财
HVH_107_17_000031_000019	平地造者低同民
HVH_107_17_000031_000020	利用非民隔防得社电无私解钱
HVH_107_17_000031_000021	取利耳故去
HVH_107_17_000031_000022	诸奥匠人坐较罪同者至死不
HVH_107_17_000031_000023	诚也肩從及知你私铸而行使
HVH_107_17_000031_000024	者各城一等软一百流三千里首
HVH_107_17_000031_000025	捕者货観五十酒里长知响不
HVH_107_17_000031_000026	皇越律例一卷十七年
HVH_107_17_000031_000027	旱
HVH_107_17_000031_000028	在烤铜
HVH_107_17_000031_000029	首者枚一百恶其愿徇也不知者不
HVH_107_17_000031_000030	坐日若将官销时用钢钱剪错薄小
HVH_107_17_000031_000031	取翻以术利者其薄小非肉
HVH_107_17_000031_000032	集故止放
HVH_107_17_000031_000033	百若銅鐵水银用
HVH_107_17_000031_000034	法簡造作企银者為首杖一百徒
HVH_107_17_000031_000035	年為從及知保偏造面與買行使者
HVH_107_17_000031_000036	條例
HVH_107_17_000031_000037	一将銀宏孔倾入铜等物及用铜
HVH_107_17_000031_000038	等物價成锭外用銀皮包好并銅
HVH_107_17_000031_000039	等物每两内揽實銀二三四五钱不等
HVH_107_17_000031_000040	偽造銀使用者均照以銅鐵水银
HVH_107_17_000031_000041	金银律分别首從提徒
HVH_107_17_000031_000042	一轩徒假借前代古钱名色私鑄私者
HVH_107_17_000032_000001	照錢律一體分别治罪
HVH_107_17_000032_000002	皇越律例卷十七
HVH_107_17_000032_000003	呈
HVH_107_17_000033_000001	非做官
HVH_107_17_000033_000002	儿满
HVH_107_17_000033_000003	故官员文而
HVH_107_17_000033_000004	人官者新
HVH_107_17_000033_000005	候盟
HVH_107_17_000033_000006	其知情受假官者杖一百
HVH_107_17_000033_000007	三千里
HVH_107_17_000033_000008	知者不坐若無官而
HVH_107_17_000033_000009	邀罚但
HVH_107_17_000033_000010	有官有所求爲或詐稱官司差遣而補
HVH_107_17_000033_000011	有所
HVH_107_17_000033_000012	者杖一百
HVH_107_17_000033_000013	若詐稱見任官子
HVH_107_17_000033_000014	孙第經家人總領於按隔部内有所求
HVH_107_17_000033_000015	爲者杖一百爲從者各碱一等若得财
HVH_107_17_000033_000016	者血計腊主者
HVH_107_17_000033_000017	州爲重
HVH_107_17_000033_000018	從重論
HVH_107_17_000033_000019	皇越律侧卷十七月年
HVH_107_17_000033_000020	主
HVH_107_17_000033_000021	体设官
HVH_107_17_000033_000022	其當官司知而聽行同
HVH_107_17_000033_000023	胜轻以
HVH_107_17_000033_000024	罪不知者不坐
HVH_107_17_000033_000025	詐官者本身原無官取或詐爲
HVH_107_17_000033_000026	他人本官取或假為街交物
HVH_107_17_000033_000027	之假月者省是凡自教官脱
HVH_107_17_000033_000028	人官者新其卿人舆以假官之情
HVH_107_17_000033_000029	而受之者杖一百概于里不知者
HVH_107_17_000033_000030	所求局或作举馆同差而逃捕
HVH_107_17_000033_000031	原無托可知若詐現任官員
HVH_107_17_000033_000032	之内有所求為者杖一百為從者
HVH_107_17_000033_000033	各一等各字稳承上文面满道
HVH_107_17_000034_000001	德扶一百徒三年者為從则杖九十
HVH_107_17_000034_000002	德二年半有您杖一百者為從则
HVH_107_17_000034_000003	其重者其當同
HVH_107_17_000034_000004	情而聽行者與犯人同罪至死
HVH_107_17_000034_000005	等通承上三節各项
HVH_107_17_000034_000006	而言不知者不坐
HVH_107_17_000034_000007	條侧
HVH_107_17_000034_000008	一凡雜職内有假頂替之人自行出首
HVH_107_17_000034_000009	者革退回籍免其治罪
HVH_107_17_000034_000010	一无詐月
HVH_107_17_000034_000011	皇親族屬姻黨家人在京在外巧立名色
HVH_107_17_000034_000012	财物侵占地土并有禁山場阻当船售
HVH_107_17_000034_000013	皇越律侧卷十七刑律
HVH_107_17_000034_000014	非教官
HVH_107_17_000034_000015	捐要钱财出入大小衙門嘱托公事包
HVH_107_17_000034_000016	揽錢假稱織造私開牙行擅搭橋
HVH_107_17_000034_000017	侵源民利者除實犯死罪
HVH_107_17_000034_000018	如静青叙势
HVH_107_17_000034_000019	陵故税闻
HVH_107_17_000034_000020	之類
HVH_107_17_000034_000021	號一個月除延邊杖罪以下亦枷
HVH_107_17_000034_000022	個月發落者被害之人赴所在官司告
HVH_107_17_000034_000023	訴不即受理及雖受理觀里逢迎不即
HVH_107_17_000034_000024	問新舉奏者各治以罪
HVH_107_17_000034_000025	一假充大臣及侍常真家人各目豪横
HVH_107_17_000034_000026	村生事害民强占田土房屋招集流
HVH_107_17_000034_000027	移住稼者許所在官司周犯該徒
HVH_107_17_000035_000001	罪以上者發延逊杖罪以下柳一個
HVH_107_17_000035_000002	月癸
HVH_107_17_000035_000003	一儿各营食程兵丁开有不食线假
HVH_107_17_000035_000004	昌营兵生事援民及合将换制官司授
HVH_107_17_000035_000005	害地方者該地方官番明分别首各
HVH_107_17_000035_000006	照律创定提如該常文武各官不行誉
HVH_107_17_000035_000007	查轉報該營不题參俱交該部照
HVH_107_17_000035_000008	分别議處
HVH_107_17_000035_000009	皇越律例卷十七年
HVH_107_17_000035_000010	羊假官
HVH_107_17_000036_000001	詐稱内使等官官典
HVH_107_17_000036_000002	俱詐
HVH_107_17_000036_000003	内使内閣六科部都察院
HVH_107_17_000036_000004	监察御史按察司官在外體察事务欺
HVH_107_17_000036_000005	詐官府煽惑人民者
HVH_107_17_000036_000006	無
HVH_107_17_000036_000007	造制付
HVH_107_17_000036_000008	随行者一等
HVH_107_17_000036_000009	杖
HVH_107_17_000036_000010	一里
HVH_107_17_000036_000011	知而恶行典同罪
HVH_107_17_000036_000012	三千里
HVH_107_17_000036_000013	弄止杖一百
HVH_107_17_000036_000014	不知者
HVH_107_17_000036_000015	不坐若
HVH_107_17_000036_000016	本
HVH_107_17_000036_000017	符
HVH_107_17_000036_000018	許稱使臣乘驛者杖一
HVH_107_17_000036_000019	百流三千里為從者戒一等驛官知而
HVH_107_17_000036_000020	應付者與同罪不知情失誥者五
HVH_107_17_000036_000021	造有低适
HVH_107_17_000036_000022	府验律係盗者
HVH_107_17_000036_000023	皇题律例一卷十七
HVH_107_17_000036_000024	新市
HVH_107_17_000036_000025	依益符验律
HVH_107_17_000036_000026	重
HVH_107_17_000036_000027	作内使手官
HVH_107_17_000036_000028	北條即就上修官詐稱有常抽
HVH_107_17_000036_000029	都教察同為在外訪事
HVH_107_17_000036_000030	之以欺惑人民者
HVH_107_17_000036_000031	内使内六科六部都察院
HVH_107_17_000036_000032	随行者
HVH_107_17_000036_000033	校一百徒三年
HVH_107_17_000036_000034	十以其無符驗面不整詰也若詐游
HVH_107_17_000036_000035	不敢整制
HVH_107_17_000036_000036	因而您付者不坐官勋并而符验
HVH_107_17_000036_000037	真当究其詐為與盗之罪故之
HVH_107_17_000036_000038	条倒
HVH_107_17_000037_000001	一充各街門差役锻以差遣體訪事
HVH_107_17_000037_000002	情緝捕盗賊爲由占宿公館委拿平人
HVH_107_17_000037_000003	及搜查客船取财物摄害单民審
HVH_107_17_000037_000004	控造簽票執持鎖恐嚇詐財考即照
HVH_107_17_000037_000005	役詐一倒問其未控有簽票止
HVH_107_17_000037_000006	係口稱奉差嚇唬者徒罪以上枷號
HVH_107_17_000037_000007	個月發近遷杖罪以下亦柳號一個月
HVH_107_17_000037_000008	發落若計臟逾贯及雖未逾黄而被詐
HVH_107_17_000037_000009	之人因而自益者均概较监候拷打致
HVH_107_17_000037_000010	死者擬斬監误爲從各一等如假差
HVH_107_17_000037_000011	遣有假造印信批文或以捕盗搶檢
HVH_107_17_000037_000012	皇越律例二卷十七月律
HVH_107_17_000037_000013	十
HVH_107_17_000037_000014	前群内便等官
HVH_107_17_000037_000015	入或胁手碳故殺人按律應擬死
HVH_107_17_000037_000016	罪者仍各從其重者論所在官司阿徒
HVH_107_17_000037_000017	故縱者各治以罪
HVH_107_17_000038_000001	官實面
HVH_107_17_000038_000002	几近侍之人在外私行體察事務
HVH_107_17_000038_000003	惑人民者
HVH_107_17_000038_000004	官自详非他人
HVH_107_17_000038_000005	北詐稱保本
HVH_107_17_000038_000006	请之知廷之事易以欺人
HVH_107_17_000038_000007	若在外非狮举命私行體察官民事
HVH_107_17_000038_000008	務以增惑
HVH_107_17_000038_000009	民人者所
HVH_107_17_000038_000010	星越律侧卷十七老年
HVH_107_17_000038_000011	王
HVH_107_17_000038_000012	延傳诉旅行
HVH_107_17_000039_000001	薛爲瑞店
HVH_107_17_000039_000002	儿許爲瑞應者杖六十徒一年若有
HVH_107_17_000039_000003	群之類而欽天医官不以實對者加二
HVH_107_17_000039_000004	等
HVH_107_17_000039_000005	詐瑞思之事以欺阴朝廷人之
HVH_107_17_000039_000006	尤也故杖六十徒一年0之
HVH_107_17_000039_000007	飲无监之所尊同若不按占書而以
HVH_107_17_000039_000008	實其欺罔更甚故加二等杖入
HVH_107_17_000039_000009	十徒
HVH_107_17_000039_000010	二年
HVH_107_17_000039_000011	皇越律侧卷十七天
HVH_107_17_000039_000012	爲希
HVH_107_17_000040_000001	詐病死傷避事
HVH_107_17_000040_000002	无官吏人等詐稱疾病臨事避難
HVH_107_17_000040_000003	加難
HVH_107_17_000040_000004	之经
HVH_107_17_000040_000005	捕之盗者四十
HVH_107_17_000040_000006	成之
HVH_107_17_000040_000007	和所
HVH_107_17_000040_000008	之
HVH_107_17_000040_000009	事重者杖
HVH_107_17_000040_000010	十0若犯罪待封故自傷硬者杖一百
HVH_107_17_000040_000011	詐死者杖一百徒三年
HVH_107_17_000040_000012	詐死以求
HVH_107_17_000040_000013	以求无
HVH_107_17_000040_000014	放一
HVH_107_17_000040_000015	盗报仍
HVH_107_17_000040_000016	之情但以
HVH_107_17_000040_000017	侯查重者前
HVH_107_17_000040_000018	傷殘者杖八十其受雇倩爲人傷者
HVH_107_17_000040_000019	與犯人同罪因而致死者减闘教罪
HVH_107_17_000040_000020	等0若当款官司知而聽行
HVH_107_17_000040_000021	商面雀
HVH_107_17_000040_000022	请知其排
HVH_107_17_000040_000023	皇越律创一卷十七
HVH_107_17_000040_000024	到补
HVH_107_17_000040_000025	元
HVH_107_17_000040_000026	闻无
HVH_107_17_000040_000027	者不坐
HVH_107_17_000040_000028	十
HVH_107_17_000040_000029	拔残
HVH_107_17_000040_000030	新
HVH_107_17_000040_000031	2
HVH_107_17_000040_000032	启
HVH_107_17_000041_000001	坐不
HVH_107_17_000041_000002	條例
HVH_107_17_000041_000003	一各营與獲罪之犯報稱病故者著故
HVH_107_17_000041_000004	官員出具印結鱼行交原籍地方官
HVH_107_17_000041_000005	查倘有詐稱病故者介别從重治罪
HVH_107_17_000041_000006	一凡未经到案之犯報稱病故官
HVH_107_17_000041_000007	最地方官悉心确查取具精
HVH_107_17_000041_000008	偷有惶報等情日後發覺將該地方官
HVH_107_17_000041_000009	與該营鎮官一併加議處
HVH_107_17_000041_000010	趣律侧卷十七
HVH_107_17_000041_000011	醉
HVH_107_17_000041_000012	尊刻无迎事
HVH_107_17_000042_000001	詐教誘人犯法
HVH_107_17_000042_000002	故
HVH_107_17_000042_000003	诱
HVH_107_17_000042_000004	令人犯法却自行捕告或令人捕告
HVH_107_17_000042_000005	欲求赏給或欲隔害人得罪者皆與犯
HVH_107_17_000042_000006	法之人同罪
HVH_107_17_000042_000007	首命学即是教誘人而又
HVH_107_17_000042_000008	罪止放流和同命人犯法
HVH_107_17_000042_000009	和同犯法也若止和同
HVH_107_17_000042_000010	犯法则宜用自首神
HVH_107_17_000042_000011	此條專溺陰險之徒害人利者而
HVH_107_17_000042_000012	敬勝人爲犯法之事或和同與人共
HVH_107_17_000042_000013	犯法之事做却自行排告或命人
HVH_107_17_000042_000014	補告其意欲求赏或飲害其人
HVH_107_17_000042_000015	而故使之得是人之於法制
HVH_107_17_000042_000016	之地放與之同至死藏一等
HVH_107_17_000042_000017	做其教勝使合之人雖是随其術中
HVH_107_17_000042_000018	却是已身犯法不能无罪面放誘使
HVH_107_17_000042_000019	星越律侧卷十七
HVH_107_17_000042_000020	之人自行捕告及使人拥告者不
HVH_107_17_000042_000021	里
HVH_107_17_000042_000022	刘祥
HVH_107_17_000042_000023	非教务人犯法
HVH_107_17_000042_000024	用犯罪自首及遣人代首免罪之
HVH_107_17_000042_000025	所以其心也字承上数事而言
HVH_107_17_000042_000026	鱼字之義非
HVH_107_17_000042_000027	不首從之
