HVH_090_000001_000001	丁朝争誌
HVH_090_000001_000002	敎州
HVH_090_000001_000003	哈大
HVH_090_000001_000004	先皇帝吉
HVH_090_000001_000005	禮内臣杜所殺帝丁璿先皇帝之子寿十八歲
HVH_090_000001_000006	下肆嘉遠人也列史丁公著之子削平十二使君在位十二年壽五十六卷
HVH_090_000001_000007	𥪝坐𠇍几别台坦沔加達𡗶蜀𠉞生炮羅部領聽明吒爫唎火任城歡州吟
HVH_090_000001_000008	翁丁公著𠸜初帝王降下𡗶陀𢼂生丁公課任歡城别𱥺買齡拯别奸
HVH_090_000001_000009	貪𧡊公𠁀乱洛犯南仍几愚凣庒几賢明課𱜢救特蒼生些才成些名
HVH_090_000001_000010	平常店店會𱴸香願𡗶生圣救方民尼碎群固福程𬆄願諸天地
HVH_090_000001_000011	渚西之𪜀碎油𠃣正𡗉邪顧吀刼恪底𦋦治𠁀夫人皮賒更𠄩𧡊𠊛高𢀲
HVH_090_000001_000012	𢌌𨱽丈夫工𢬣扲𥙩玺符旦遣買謨吀爫媄娘自𧥾越還魂盘鵠包意
HVH_090_000001_000013	𠰺噋共𫯳丁公𦖑别𢜠𢚸強修刼𫏾吏防身𨍦夫人日勤胎胞𠃩𣎃𨑮𣈗
HVH_090_000001_000014	時買生𦋦特𱥺男子平花丁公𢜠焒福茹群遺能兜時運於𡗶𢧚
HVH_090_000001_000015	尼渃排排干戈恨绳公羡奸邪辞聀𧗱茹於坦花閣昆群𧖱渃𬏝
HVH_090_000001_000016	疎逹𠸜部領底除綏宗埃𪟽運奇丁公𢗼𠁀丿化聀濃花閭娘卞寡部𠀧爲官清茹
HVH_090_000001_000017	泊昆疎共𫯳康康𡦂道三從用茹飢儉侯蒙𢚁之爫藝奔半几圭餒昆奇𢀲𠰺芸
HVH_090_000001_000018	爫安吴王擛賊賒𧵆斬繩公羡救民欺难媄昆𢜠胣於安人民調塊淋嘆自𣈙
HVH_090_000001_000019	仍蒙吝呂店𣈗部領歲𣈙㐌典𨑮𠄩情高性氣恪𠊛盘泊事𠁀買𨅸丈夫茹
HVH_090_000001_000020	悴庒兑𢗼事𡮈糊塗事𢀲罕灰浸萬庄固通𥋳枚仍𦋦𠁀麻立功名爫𠊛㐌
HVH_090_000001_000021	𡲤𡗶生富貴㐌停𢀨重㐌𢺹路𪜀蹎溯爫之𢧚時特吱吼特時𦬑囊量𢗼󰅒
HVH_090_000001_000022	𢄂枚塘打彈打扣穷坊蹎𤛠媄傷餒曩闭𥹰𩛜𩛂庄管粗蔞庒嫌
HVH_090_000002_000001	東家固沒朗盈𧡊耒卞買𠴗𡅳浪丕於仍拱損功𠉞蹎𤛠戈仕并𣈜者功事
HVH_090_000002_000002	𬁖埋𠼦𨔍𨓡朗仍𫥨同共𥘷蹎𤛠結排扶扱打饒暴改如𤢿孟欧如𤞻
HVH_090_000002_000003	𤞻沒𨉟敵𤾓𠺥𠦳先兵扲梞如婅決料打特眾散如瓢眾咳眾保調爫彈
HVH_090_000002_000004	英合饒仍穭醒阎爫軍國𢀲爭爵權奉𠊛穷𱥺同年阮蔔丁佃鄭琇
HVH_090_000002_000005	刘基算事恭𨷑基圖習情𢀲越如皮眾些𡗶朱爫主國家習情朱罕底
HVH_090_000002_000006	麻治民花阁藥别𠇍吝𦰤爫䑓閣鎮垠星城達爫固奇固营固軍四衛固城
HVH_090_000002_000007	四回連時宝欽威儀𥪝固丹墀外固儀門朝廷逹待侍近官班左蔔佃班右
HVH_090_000002_000008	功基共饒料量算𢗼爫𢂎平𡽫爫旗平𦰤智𢗼自所年附饒交手𨅸侯
HVH_090_000002_000009	爫㺔跪朱部領𨖲繼打𠀧𤿰𠰘打回鉦𢬣仍𥙩附近帝𣈙廊𱜢𥙩意拉排
HVH_090_000002_000010	堆边咿𦖑甕令哃𨕭呼嘹𠀧㗂越污花倜天子儀衛嚴如呪𩄲妥𩙌
HVH_090_000002_000011	吁禀逴𥙩部領𨖲殿排班雅樂堆边叩頭嵩呼𠀧㗂跪奏𥛉𤤰𬮙
HVH_090_000002_000012	歲𤯩𥹰重戈塘固几𨅸𬂙事些胎拱𢧚双㐌苔最衛朗吏合排𥄭𣈜
HVH_090_000002_000013	捐𬑉盗𣈙捐身𱜢咳㖂賒吨𧵆注博庄𢜝𠰺噒庄除制𥹰暢胣強都部
HVH_090_000002_000014	領和保泉浪悲𢚸㐌腰饒羕尼算暫没𣈗能泣𠦳𢆥眾浪㐌卒知
HVH_090_000002_000015	青會𱜢初庄結爫𤤰碎󰠃饒指坦誓𡗶埃庄汝𠳒天地察𤐝領𢜠呐歇曲
HVH_090_000002_000016	餒𢧚功業意恩餒腰為㐌𢧚𣎀胣𱥺皮嫌爫飢儉𧵑之待饒茹群沒
HVH_090_000002_000017	𤞼闭𥹰媄餒爫本惜兜特𪜀埋𠊛𠫾𢄂塘賒䀡麻𧡊永眾些罕𠓨耽𦋦爫
HVH_090_000002_000018	𬚸些搞呵尼侯易惜牢沛𠊛埃意期限如𠳒朗𣈜𣌋𦋦𡓮合於
HVH_090_000003_000001	我𠀧𧡊媄𠫾𢄂永茹扒𦋦連折眾和󰠃咹媄𧗱皮細外𡑝查𢬣𨷑𬮷
HVH_090_000003_000002	蹎𠓨茹固𠊛伴寡鄰家唭傑浪𱙘太后衛油昆𱙘㐌特爫𤤰𢀭𢀨𱙘特
HVH_090_000003_000003	風流自𣈙老𱙘窖𠰘浪悲裊固如丕𱙘󰌱拱洳𬂙𦋦外櫃闭除𤞼時庒
HVH_090_000003_000004	𧡊莊和呌兜朗盈边𫏾边𨍦埃固𧡊𤞼碎兜庄𪜀固𠊛啂保浪時𤞼意昆𱙘㐌
HVH_090_000003_000005	扒仍脩彈保𨖲爫𤤰差衛扒𤞼𦋦和樁軍朱蹎𤛠調咹埃台𪜀庄聖君茹󰜏
HVH_090_000003_000006	夫人惜𤞼趨𦋦吶窮丁預注和爫牢冤家尒刧論𠓨生昆怪𢜗篭牢爫丕扵𦋦仍進
HVH_090_000003_000007	易𤽗𦖑𠳒祥杜𨖲姓爫𤤰𣌋埋綿𠫾𢄂𣌁注𧡊求茹扒𤞼槁軍注𦓡極𠰺涓身
HVH_090_000003_000008	磊𥪝國法罪論無辜焒城𬇚个𧿆𬦳裊蛘席墨時驚坤咹一飞預𦖑呐即肝扲鎌𫥨
HVH_090_000003_000009	晊边岸𱥺催𧡊眾咹㕵皮耒佃浪箕注立𢙇眾些蔔卞捽𥙩刀𠚢刘基扲𢭄𨅸
HVH_090_000003_000010	迍垠領趙拯立𥆾身注卞跌買侯𧵆吏賒細准𣷷渡潭家塘窮領拉𧿆它𡬈
HVH_090_000003_000011	滝拯旨水济龍宮别丁里难固𢚸𨔾𩂏隊龍孫吏即時潭家淹意眉𠫾朱勤𧡊
HVH_090_000003_000012	了皇沛难屯滝窮裊𢴑化身爫塘急倍逴𥙩𨖅竜孫卞化𢧚塘空妥𡧲𣳔
HVH_090_000003_000013	淹蒙蜺虹現蒙𧏵勿昂部領脱跳𨖅淹俸秩塘𧏵俸变𠫾注𧡊事送㐱稽𠝺鎌噲
HVH_090_000003_000014	貝𡥵衛𡥵咳部領皮𢜝皮噋戾欺過恨𢧚干舌𨉟嘔𪜀𢭗耨厨亭𱜢群汝典思生帝
HVH_090_000003_000015	𣈙丁佃阮蔔汝台盗料吒媄耽𣈙朱咹事尼㐌定君臣𱜢拱固慇勤共饒領
HVH_090_000003_000016	彈佃蔔𫏾轘佃術乞注底嘔拯為眾𤽗時仕𧿨衛伵𨖅膠水學藝捕魚本些㐌
HVH_090_000003_000017	願課共享富貴共洳顯荣𡗶油羣厚茹丁蒸輟伵吏衛城花阅殿𧏵𨍦伵定都
HVH_090_000003_000018	𡾵𤽗𨍦𫏾吏如交𠳒𠳚衛𠽄各埃埃渚𧡊㳥奇麻吹𠃅𢴿唭㘇吀汝𠳒交
HVH_090_000004_000001	眾妖𡗶拱𢚸妖𪧚床佃部領𠄼払共饒嘆咀𨖲塘𫥨𠫾啫饒詞意蔑欺几𨖅
HVH_090_000004_000002	膠水𠊛閉花闾領𨖅膠水闭除結共柴䋥𣌋瞻伴皮昆船𢬣䋥𠫾衛芾時漁父芾
HVH_090_000004_000003	時丘阁命𡗶定妬裊初王圭停底待徐聖王常固氣豪光店創曳边江東
HVH_090_000004_000004	重領卞𠳨眾漁翁丐之和創󰡎滝意尼漁翁卞保浪悲創於滝尼㐌𨑮𠄩朝𢆥
HVH_090_000004_000005	部領𥪝胣𢜠𠽄滝尼罕固玉沉於低𨑮𠄩𢧚計苗𢬣能𪜀𢚸𡗶𣈙㐌生珠
HVH_090_000004_000006	𡗶生聖待時埋埃乃特个之朱膺蔑𨉟泑埃能芇𪟽富貴典則𡗶朱吝特
HVH_090_000004_000007	玉圭閉徐𧵑𢧚無價侯之胎當雖群琳塔爫岩𢭾暴象𪽝撑鐄𤒘𢧚𧣳外
HVH_090_000004_000008	欽㤕𱥺边𥘀𢧚沒價𢧚𠦳鐄𢚸𢜠䏾底倍旁戾欺𠊛别𨖲塘𢴑蒙𣌋
HVH_090_000004_000009	它落眾漁翁腑塘論裊坤通𨇒衛雖浪運渚典期𡗶添湄𩙌𣈜時最沁
HVH_090_000004_000010	𭝫𡗶呢坦淋淫䏾圭𥪝底創尋塘昂𫏾𨍦𩈘𧡊𤑟𤉜𤇊䏾焒𠍵畑炵自
HVH_090_000004_000011	派𢜠𢚸蹺蹎卞買𨅸𥪝前堂納𠇮渚监呐呈柴買𠳨浪埃典爫之呐呈𨍦
HVH_090_000004_000012	𫏾云爲碎𠫾打个及時庄埋最沁湄𩙌蒙尼衛庄別裊𢚁柴𠓨𢭗忊
HVH_090_000004_000013	狼柴𦖑感
HVH_090_000004_000014	動𢚸傷扽粓設待扽床𢪀宜𦣰典姅店永𠊛柴𧡊事𨔍柴𡓮柴䀡俸兜
HVH_090_000004_000015	創泣茹廛柴語佛降柴連炪香丕時庄𧡊豪光𤎕耒辰吏𪹚燒如初𧡊𥪝
HVH_090_000004_000016	床扵創𦋦别情柴庄固𪟽之兜創𣈜柴𠳨𫏾𨍦玉圭沛𥙩耽候柴䀡𥆾𠫾
HVH_090_000004_000017	𥆾吏沒曲回除𥹰柴買𨷑𠳒呐𦋦昆蚤福德台𪜀𣈗𨍦爫主國家治𠁀㤕嫌福
HVH_090_000004_000018	享庄𨱽昆仕修德底埋仕補柴拱𪜀几師謨初爫衛士𠉞𠫾於廚係種祥瑞
HVH_090_000004_000019	意羅急開急𦬑如花沒務謝柴領買𧿨衛沒𠇮两慮堆皮𢪀楊
HVH_090_000005_000001	蒙衛嘉遠故鄉吏扵𢚸注左傷糊塗蒙衛交水准初祖宗之帝麻朱祝夢初
HVH_090_000005_000002	𠉞係几英雄别包庫辱計󰠃难艰𠃣𢧚功業爫咹庄泥生死芇分辱因嵬嵬汝德
HVH_090_000005_000003	先人包哮払㤕分畑𤎎朱甘𢚸願課初𢪀羣𩈘𧡊埃𪟽命賒使君十二争都相持
HVH_090_000005_000004	奴持期翰店𣈗芾埃汝典義柴孟兜據帝𢧚埋英雄呵𠸦户陳明公於外布海奇
HVH_090_000005_000005	容人才領時歲㐌𨑮𠄩𡓮渚特𡓮咹渚特咹𦖑𦖻𢌌𨷑𡑴仁固𢚸待士固恩容𠊛些
HVH_090_000005_000006	𨖅於帝歆埋𥄭𧥾𢚸𡗶固厚窮庄𢚸𪧚玉圭康不勾𱒢初浪物不離身伯符
HVH_090_000005_000007	漢璽底分庄𢧚時𢭮𥙩軍𨷑茹沒𢚸決庄𠄩𠀧𠽄塘布海尋𦋦稱臣𬮷营疎矧
HVH_090_000005_000008	𫏾𡑝情期永欺户陳𦋦制𧡊払連𠳨意埃浪碎𪜀𠊛嘉遠花𨷈吒碎剌史歡
HVH_090_000005_000009	州𪜀丁公著𠁀皮固名生碎群開浮生乱衛圭𡳶耽命𨖲仙媄碎寡部
HVH_090_000005_000010	庫𪬡𤳇課秩權𡛔薄紅顔卞𢧚蘂𣳮花殘蝶庒兑認蜂群濕伶媄南𡥵
HVH_090_000005_000011	北梂亭碎俸沒命尋典蒸低陳公𧡊呐買能昭䀡面貌恪𨅸類󰡎𡗶渚場
HVH_090_000005_000012	固埃面貌將才性氣從容眉𤞻𩄲鳳𪖫𧏵丈夫㐌罕英雄庄差保浪注語𪜀埃
HVH_090_000005_000013	初丁公著沒𠳒㐌交乱離自意隔饒几佐諸侯𠊛衛佐王丈夫基業凭鐄埃𪟽造
HVH_090_000005_000014	化呂羕𠊛台𡗶吹𡥙吏典低義𡳶沒𣈜𬮙刼庄派注時渚固𡥵𤳇泸皮後嗣朱
HVH_090_000005_000015	埃業尼俟於穷注尼朱注𠰺𠴗和𣈙𢧚身𧡊呐領𢜠閏分𬮷营侯下專勤𠓨
HVH_090_000005_000016	𦋦䀡陳公凭道吒固咹固默連𪽝昆𠊛蔑𣈜𪜀蔑卒鮮容顔狀貌恪𠊛凣民咍
HVH_090_000005_000017	𡗶造化窖分户陳𡥵𡛔皮旬歲饒陳公吟别𫏾𨍦英雄魁偉世兜朱平和添虎步
HVH_090_000005_000018	竜行天表日角寔形帝王養養餒貼凭玉鐄仍蒙算𢭂印嫁娘結親𥪝外
HVH_090_000006_000001	默飭聯軍官奇户陳年經𬂙曰書買遣沒𠊛衛茹呈媄曲餒事情共阮鄭
HVH_090_000006_000002	列丁泣諸群牧分明事𢚸𧡊書埃乃咳雄户行親戚西東𥪝外𦖑信奇恂噲
HVH_090_000006_000003	喂坦平禀曳𡗶吹𠊛爫闭徐信扎信南如𤞻添捽如𥪞添󰌱阮丁刘鄭别能啂饒
HVH_090_000006_000004	埃拱𤎜𣈗典尼下公𧡊𩈘𢢯𠁀義柴伵解𡳵穷𡓮啫饒𠄼𠊛渃𬑉染輸仍𪟽流
HVH_090_000006_000005	落能兜森𡆫催卞𱔩祝潙苔宴筵高湿席編保饒事𡳵𥹰賒𪽝蒸𤞼意
HVH_090_000006_000006	朱些餒尼計自流落闭迡𢚸汝饒尼𣈙𥪝胣郡𤴬悲徐特𧡊𩈘饒意𪜀基業
HVH_090_000006_000007	𧡊敺於𡗶陳公意仍龍枚伵柴論蔑店𣈗𠰷算𥹰侈及黎桓𠊛圭府里於
HVH_090_000006_000008	青療吒𪜀黎覽庄𪬡媄𪜀鄭民結緣𡞕𫯳𢝙皮𡨸道三從𦊚𢚸敬信庄𢚸邪
HVH_090_000006_000009	㤕庄固事乱单𢝙皮耕穊養閒趣圭鄭氏德行容儀𠁀𠃣坤皮𠊛丞坤番𥙩饒皮
HVH_090_000006_000010	特堆年福恩𣈜𫏾底傳𠁀秋衛月𤎜𡗶儉娘皮買聀班頭更𠄩䏾干直𱕔迻
HVH_090_000006_000011	味𪽝兜噴𱕔仍味裊香𪀄包𧡊事𨔍羕俸兜蓮𦬑苔床娘𠉞娘卞不𥙩扲𢬣
HVH_090_000006_000012	朱眾咹𣈙命時忍空自然日動貽宮桃源渃庄体通大湖典期滿月生
HVH_090_000006_000013	𦋦蓮𡗶𩄲親󰡎𤍶香衝特筏男子邏𨓡眉堯路󰘚喑熙姑誘𢜠
HVH_090_000006_000014	保浪悲𨍦罕𠊛尼圭户茹些全宗拱特荣花𱜢咍双拱𠚢眼前𢀲時智
HVH_090_000006_000015	吘才賢𦋦名豪傑結願丈夫𧡊𠁀塔𢬭乱吳耽兵子典蜍丁公討𬆄
HVH_090_000006_000016	𣌉𣌋蔑𢚸鑊湯拯𢜝核蔠極嫌丁公妖特重權飭乃󱯞𡎝海边
HVH_090_000006_000017	丁公自領陳權德乃聞思買治民芾兜羅称臣兜羅拯殷勤爫碎
HVH_090_000006_000018	似𱻌𣳔漢𩙌吹蔑𡗶𩙍曳𠃩𡗶拱清民𢜠漢許盈象𡗶罕𨷑太平底自
HVH_090_000007_000001	意威󰟨㗂冠強𣈜強𢀲蔑𣈜蔑賒𠊛調禪扶𫅷底柴尋典結茹爫碎使君埃乃𦖑
HVH_090_000007_000002	唏浪陳養子固才耽兵性𡗶罕㐌停從别買所衛計閏𦋦才掃蕩乾坤𡎝坡仍
HVH_090_000007_000003	𨷑渃𡽫衛共綿辰同檜戰鋒春秋渚易七雄吏默共饒𠪨開河防秦削奪底庥
HVH_090_000007_000004	禦𥋳陳公雖渚固𤳇特婿固才貼凭𨑮𡥵福𠫅基業強駢拯𠰷隻暦拯煩溇濃
HVH_090_000007_000005	所陳㐌𢧚英雄保全命吏院功户行歲𡗉𫅷各固常𣈜因病𱴸竜床我𦝄排丁公
HVH_090_000007_000006	吏乳浪机㑹會尼拯用孕爫之丈夫功業固時𡗶朱極𥙩吏時咹难悲徐十二使君
HVH_090_000007_000007	才悶拯智併論𥪝𠁀𫅷昭拯固没特埃渚𢚸𠯇底𠊛恪算𠱋催説叭𥪝幔丁皇邑
HVH_090_000007_000008	𥙩哭嘆嵬又汝功餒曩歆埋生用𢭂拙别𠁀𱜢涓懺生助塟皮安丁皇傳令軍
HVH_090_000007_000009	官𫥨𠁀𡨸浪春不再來蔑𣈜如固𣋚枚𠄩吝埃献策苔𡑝急倍役渃救
HVH_090_000007_000010	民辰寔羅天與人歸𢧚欺奇渚欺用孕尊丁皇百勝王所郎船步𨷑芒
HVH_090_000007_000011	𡎝坡兵𫥨順𩙍順湄天時地利人和󰡎𨕭壘芇壘拯破散賊芇賊拯𠰷算𦋦頭
HVH_090_000007_000012	眾戈拱𧡊𤛠恪𱜢猛凡衝𠓨彈把南𠻵㗂尋𧗱驚惶威禀𠰺𠲖唏𤞻
HVH_090_000007_000013	仍𩑛捐襖耗粓欺耒四理欺爫冲𢬣𧡊軍矯典趨耳𬆄𥙩命爫重𥙩柴爫輕江山
HVH_090_000007_000014	𣘃𦹵抉请使君十二散萌漏双几時輪陣班頭几時老死几歐朕命𥆾昭渃拯
HVH_090_000007_000015	刀兵車鑾聖駕衛城花倜𥙩爫湯沐定都𨖲𡾵大宝爫𤤰治𠁀渃大瞿
HVH_090_000007_000016	越餒𠁀磋城㙮壘𥪝外所郎吏稱大勝明皇定官文武拉行朝班列朝上國
HVH_090_000007_000017	割官撰才及聘坤頑言辞兵達固衛固竒茂衛茂旗蔑校蔑舊佃基
HVH_090_000007_000018	琇𦊚𠊛聀封太尉爵經郡公桓時軍衛朝中其餘徒次分封𥪝外𢜠昭
HVH_090_000008_000001	渃治𥹰𨱽丹書鐵券唯𠁀𡥙𡥵𠸕油波𣴓峝𤷱功恭咳群𡥵𡥙咳𠳐天下𢜠𧡊
HVH_090_000008_000002	太平升恒祝聖𡶀𦝄治𠁀坤台效係於𡗶識書𧡊讀𦊚頗小兒
HVH_090_000008_000003	木落十八子成
HVH_090_000008_000004	見歲曰吉下子冬刀
HVH_090_000008_000005	笑詩社殺丁黎宗出聖明東家入地共更生震宮日出
HVH_090_000008_000006	光方堪理六七月间天下太平
HVH_090_000008_000007	庄𪟽𠊛於大提羅絶杜爽𨍦𠫾樂侯
HVH_090_000008_000008	恩𨕭特預𦋦𠓨皮𨕭腰特𣋚遥朝𧵆襖奴𧼋收税民班店𦣰𠖾外𡑝沒命虚
HVH_090_000008_000009	空𧡊沒流星沙𠓨𠰘奴語命奴𢧚細課特𦋦𠓨殿耨䏾爭畑初創每方先皇店
HVH_090_000008_000010	御茹鎮賞職辰汝事玄黄制𦝄𢝙因過𱔩庄慎恒𤤰穷太子蒸外㙴
HVH_090_000008_000011	杜爽奴別深䀡𨅹城耨𠱋和踵命𠓨先皇買聀占包奴連耽律沒刀𠄩𠊛𤤰
HVH_090_000008_000012	窮太子和堆共𦣰統托尼边㙴太尉阮蔔丁佃耽兵拿捉𦊚方內城扒特杜爽
HVH_090_000008_000013	正名滅和宗族蔑萌庄羣催卞收敭乾坤先皇太子塟岸花倜黎桓𫥨胣蜍
HVH_090_000008_000014	於固情𥄫𥊘固机開防自𣈜吏犯命𧏵桓庄固𢚸𦋦胣萌心𥪝茹柴伵𠰷
HVH_090_000008_000015	泸深杜更奴爫𢭮魯馭蚤𣈗𨍦文武和朝尊扶太子昭朝國家
HVH_090_000008_000016	帝廢治璿先皇之子在位十三年
HVH_090_000008_000017	大臣輔政𠓨𦋦泣如周召𠸜羅丁璿群𪜀幼冲埃㝵𣌋蔑𢚸泣如周二公其
HVH_090_000008_000018	和庄旨楊石淫邪𠴗𫯳𦋦態𦝄花乱常與武則天一班夏
HVH_090_000008_000019	寡連粉𢮿点莊所郎咹默
HVH_090_000008_000020	𨤔荣吶唭几初勅𬑉割𢬣𤾓𠦳庄茂𠄩𠉞兜𪜀仍從慈𢴑朱戈外雖浪結𥪝
HVH_090_000008_000021	陀破门傷台裘𩄲咳群義𫯳道主補攘塘芾卞共黎將通交宮禁𦋦𠓨
HVH_090_000008_000022	桃槾同僚弄權吏特后腰𦰟花添樣理芇庄差兵權默飭𥪝外腰埃辰結
HVH_090_000008_000023	拮埃辰嫌大臣𠰷𣈗店課芇杜夷咳䀡𨍦尼𢪀稱浪副王𠉞䀡𤤰廢帝庄
HVH_090_000009_000001	齊道𡥵户丁勢㐌𡮈𤷱阮蔔丁佃别意保饒貪淫皇后咍兜黎將𧡊候侯
HVH_090_000009_000002	庄別昆疎眾些碎𡳵課初𩈘芾泉下𧡊𤤰先皇死生誓固𥒥鐄丈夫女色
HVH_090_000009_000003	補塘義仁料命者女先君𪽝兵閏歲迍垠黎桓將軍於𫏾百官庄算爲渃庄
HVH_090_000009_000004	算爲𢚸桓浪𫅷吝呐喀埃易敢𢚸爫之麻𢗼桓蒙𧿨𩈘闭徐吏𢚸為你課初
HVH_090_000009_000005	同朝庄朋詫待歆𨍦𦊚𠊛吏忍保饒順和吝名𣎃諭𣈗戈欽差仁宝奴和
HVH_090_000009_000006	䆒兵調𢚸更𨷯𪧚城𧡊𥪝中國不平𤤰碎卞𠓨告急火傕闭徐太后姜
HVH_090_000009_000007	黎桓印封十道權蔑𤾓將属𨑮萬精兵花调自越起程旌旗擛坦軍兵秩岸𫡉
HVH_090_000009_000008	塘班最㨂團官軍霸穷算浪丕悲徐主幼疎𤵶昭初梨氏貝𣈙如蹺打
HVH_090_000009_000009	油賊党蒸輳所功伶意侯計朱陳橋守信課初宋皇事意悲徐之離
HVH_090_000009_000010	𡗶汰共依吀尊升道台位婦買回兵改吏𰿘城官軍兜服帝情爫碎𥹰𥪝
HVH_090_000009_000011	群固𦊚𠊛或自課𢜠強隊先君裊麻彼󰘚先君𧡊昆主約𢚸強𢪀吠楊
HVH_090_000009_000012	胎𦋦胣淫汙𢚸十道悲徐刼懇群𩈘𪖫𱜢麻𥋳𢚸𠊛拯別𢚸𡗶㐌志
HVH_090_000009_000013	台絶咘朱矯斂𢬣棃桓感景󰘚蜀爫清楊后命𦖑别情所郎轎傘懺生襖
HVH_090_000009_000014	袍桓典后𨀈𦋦嘲丞符黃銊拮𢭂棃桓
HVH_090_000009_000015	故稱臥朝
HVH_090_000009_000016	一淫欲無忌也
HVH_090_000009_000017	丁朝三帝共二十九年
HVH_090_000009_000018	人生天地間忽如遠行客固包饒𠀧萬老𠦳𣈗汝風流卒㐌安排沛莊𣦆買𫥨
HVH_090_000009_000019	𢬣志氣㐌卒𠰃醝酔世味沛尋方碧水繁花刼浮生瀋脱䏾𢧚𫅷𠊛節雪月
HVH_090_000009_000020	夙花朱匪志𠳨仍客桑蓬弧矢准林泉城市買知音𤾓𢆥𨻫仍唭󰠐
HVH_090_000010_000001	紅日三竿眠未起算來名利不如閒𡎝𤾓𡴯仰准塵間人生拯之欣適志
HVH_090_000010_000002	戰𨢇黄花勾詩杜李宮彈流水渃板棋仙趣風流前定自油𠰘世吱𠸦之妬拱
HVH_090_000010_000003	天生我才必有用千企散盡還復來准南窻秩醒聀黄梅𠦳鐄対陣唭之呵
HVH_090_000010_000004	𪿒箕仍几窈名鎻利牢功兜芒𥙩事𠁀之𡨸浪安分知幾
HVH_090_000010_000005	書燈還是債功名𢧚沛女难𡨸才情乞芒貝世人之科甲底班寬𠊛胣鉄
HVH_090_000010_000006	黄卷青燈無日不綠袍花笏有辰而𣋽麻之悶女麻之丹固𡨸老而益壮𡅳
HVH_090_000010_000007	埃乃停𢚸整莽唉𦋦𢬣𨷑𢌌天荒青雲固狭之塘五更宰相朝天闕半
HVH_090_000010_000008	夜将軍扵玉聞催辰催名利不如問𥢆𱥺趣江山松菊唭𠹳煙霞詩
HVH_090_000010_000009	尒曲育昂今古𨢇𠄽鍾捤撻𢝙尼月從容極卿將拱昂藏𥪝宇宙
HVH_090_000010_000010	凡月意細兜庄趣凌世故貝人情𡦂浪千古尾声
HVH_090_000010_000011	車馬喧無朝隐几圖書樂有夜含杯准澗堂𣎃清台摱詩𨢇𨤔尼風月客
HVH_090_000010_000012	尒文人豪傑趣𢝙共雪月風花女桑蓬算㐌孱𫅷恩雨露想如彈疎穉
HVH_090_000010_000013	幾秋思愛君臣義千載書燈父子情榜𠦳秋撩堆忠貞鎌正氣悶𠝺烹繩
HVH_090_000010_000014	佞舌权蕩誠臣󰅒買别𤯩包饒麻名節朱當羣之𪜀丐綱常
HVH_090_000010_000015	秋水共長天一色𨤔秋天援墨風光服泊𩙌鐄𠽖𢚸几他鄉情遣典𱔩𨢇黄
HVH_090_000010_000016	花干正曠匀詩白雪𣅶吟題伴拱𠊛雪月風花𥙩詩酒琴棋爫適志干流落買
HVH_090_000010_000017	𣥱味世味𣅶繁花強𡗋𨤔春情醒𫥨耒吏秩命
HVH_090_000010_000018	日長似歲問方覺事大如天醉亦休𡎝塵间秩墨風流𥢆沒趣從心所欲
HVH_090_000011_000001	欺彈七弦琴欺四曲辰欺葉金菊欺𨢇白蓮局荣枯素定自然天埃塵
HVH_090_000011_000002	俗怒𱜢埃仙客塘仕宦拱𪜀𥪝清白拱空戈終拯𪧚例催默㗂𠸦吱
HVH_090_000011_000003	人生𨅸於𥪝𡗶坦埃𪜀空志奇田方𨅸男兒辰沛自強為鬚𩯀卒㧅芒𨕭𡎝
HVH_090_000011_000004	世利名自笑為身累事業由來分內殊志英雄牢底丐身污
HVH_090_000011_000005	𥪝宇宙丈夫𪜀志氣身雖丕分渚停丕𨤔風流否泰拱風流心兮何怨何尢
HVH_090_000011_000006	推朱𠯦至深𪜀造化󰝂辱荣麻智詐買塵間𠽋唭台𡥵造窖循環㐌𠇍祝
HVH_090_000011_000007	機開麻徃復白眼小人終碌之丹心君子自囂分指帯巾把關術朝鍾
HVH_090_000011_000008	吏饒𠊛正氣怒公箕𤽗丁謂唒𠦳秋麻史記羣印從之仍種腥膻
HVH_090_000011_000009	世間青眼少補之從𩵜沼𪀄篭罕𬷤坤杜貝𪀄𨄹𡗶坦英雄㐌𱥯沁渃沕
HVH_090_000011_000010	囚添鹿饒杜梗梧梅仍盘真唒荣枯拱𱥺刼塵𱜢彭祖固墫真𨦩宇宙節放
HVH_090_000011_000011	達吏低些啂箕皇天固負之埃固才買𢚁衛木嘉山社翁里創亡見荣翁竒
HVH_090_000011_000012	透撰之曰
HVH_090_000011_000013	嘆喂机𡗶坦坤牢特女𠀧更魂起我水傾義𡞕別課𱜢𧇊𠃩曲𦛌蚕絲貝噤詞拌絲畧
HVH_090_000011_000014	意泛瑟琴連器㗂窮裔朱典欺分鉗悲徐𥪝家室淹功生成心𠄩𡛔為𤳇塘
HVH_090_000011_000015	勤苦拱𠄼𦉱沉浽且之管父子為𩛷怒道婦姑當針役近承麻小君它一去朱皮閨别
HVH_090_000011_000016	訓誨𠄩慈母𪵟𩯀泊𥙩埃針悴𫅷𩛂𱥺身命茹絆昆疎𱜢几拖欺最𣈙𬂙枚𢖵
HVH_090_000011_000017	源愛思唯之易灑潙几屈𠊛羣焒離别爛空联洲吟欺荆𢼂䏾𦝄征𱥺𢪀𱥺洽了
HVH_090_000011_000018	貝房干𩙌𠺙值辰催辰生死羅常阴阳恪旬初卢礼排蹺腿姉造仙曰景
HVH_090_000011_000019	佛買𦹵為㐌車耒󰅒低渃眜曰文叫𡗶坦鬼神吀察貝
